SET NAMES utf8mb4;
SET
    FOREIGN_KEY_CHECKS = 0;

-- ----------------------------
-- Table structure for la_admin
-- ----------------------------
DROP TABLE IF EXISTS `la_admin`;
CREATE TABLE `la_admin`
(
    `id`               int(11) UNSIGNED                                              NOT NULL AUTO_INCREMENT,
    `root`             tinyint(1) UNSIGNED                                           NOT NULL DEFAULT 0 COMMENT 'жҳҜеҗҰи¶…зә§з®ЎзҗҶе‘ҳ 0-еҗҰ 1-жҳҜ',
    `name`             varchar(32) CHARACTER SET utf8mb4 COLLATE utf8mb4_general_ci  NOT NULL DEFAULT '' COMMENT 'еҗҚз§°',
    `avatar`           varchar(255) CHARACTER SET utf8mb4 COLLATE utf8mb4_general_ci NOT NULL DEFAULT '' COMMENT 'з”ЁжҲ·еӨҙеғҸ',
    `account`          varchar(32) CHARACTER SET utf8mb4 COLLATE utf8mb4_general_ci  NOT NULL DEFAULT '' COMMENT 'иҙҰеҸ·',
    `password`         varchar(32) CHARACTER SET utf8mb4 COLLATE utf8mb4_general_ci  NOT NULL COMMENT 'еҜҶз Ғ',
    `login_time`       int(10)                                                       NULL     DEFAULT NULL COMMENT 'жңҖеҗҺзҷ»еҪ•ж—¶й—ҙ',
    `login_ip`         varchar(39) CHARACTER SET utf8mb4 COLLATE utf8mb4_general_ci  NULL     DEFAULT '' COMMENT 'жңҖеҗҺзҷ»еҪ•ip',
    `multipoint_login` tinyint(1) UNSIGNED                                           NULL     DEFAULT 1 COMMENT 'жҳҜеҗҰж”ҜжҢҒеӨҡеӨ„зҷ»еҪ•пјҡ1-жҳҜпјӣ0-еҗҰпјӣ',
    `disable`          tinyint(1) UNSIGNED                                           NULL     DEFAULT 0 COMMENT 'жҳҜеҗҰзҰҒз”Ёпјҡ0-еҗҰпјӣ1-жҳҜпјӣ',
    `create_time`      int(10)                                                       NOT NULL COMMENT 'еҲӣе»әж—¶й—ҙ',
    `update_time`      int(10)                                                       NULL     DEFAULT NULL COMMENT 'дҝ®ж”№ж—¶й—ҙ',
    `delete_time`      int(10)                                                       NULL     DEFAULT NULL COMMENT 'еҲ йҷӨж—¶й—ҙ',
    PRIMARY KEY (`id`) USING BTREE
) ENGINE = InnoDB
  AUTO_INCREMENT = 1
  CHARACTER SET = utf8mb4
  COLLATE = utf8mb4_general_ci COMMENT = 'з®ЎзҗҶе‘ҳиЎЁ'
  ROW_FORMAT = Dynamic;

-- ----------------------------
-- Table structure for la_admin_dept
-- ----------------------------
DROP TABLE IF EXISTS `la_admin_dept`;
CREATE TABLE `la_admin_dept`
(
    `admin_id` int(10) NOT NULL DEFAULT 0 COMMENT 'з®ЎзҗҶе‘ҳid',
    `dept_id`  int(10) NOT NULL DEFAULT 0 COMMENT 'йғЁй—Ёid',
    PRIMARY KEY (`admin_id`, `dept_id`) USING BTREE
) ENGINE = InnoDB
  CHARACTER SET = utf8mb4
  COLLATE = utf8mb4_general_ci COMMENT = 'йғЁй—Ёе…іиҒ”иЎЁ'
  ROW_FORMAT = Dynamic;

-- ----------------------------
-- Table structure for la_admin_jobs
-- ----------------------------
DROP TABLE IF EXISTS `la_admin_jobs`;
CREATE TABLE `la_admin_jobs`
(
    `admin_id` int(10) NOT NULL COMMENT 'з®ЎзҗҶе‘ҳid',
    `jobs_id`  int(10) NOT NULL COMMENT 'еІ—дҪҚid',
    PRIMARY KEY (`admin_id`, `jobs_id`) USING BTREE
) ENGINE = InnoDB
  CHARACTER SET = utf8mb4
  COLLATE = utf8mb4_general_ci COMMENT = 'еІ—дҪҚе…іиҒ”иЎЁ'
  ROW_FORMAT = Dynamic;

-- ----------------------------
-- Table structure for la_admin_role
-- ----------------------------
DROP TABLE IF EXISTS `la_admin_role`;
CREATE TABLE `la_admin_role`
(
    `admin_id` int(10) NOT NULL COMMENT 'з®ЎзҗҶе‘ҳid',
    `role_id`  int(10) NOT NULL COMMENT 'и§’иүІid',
    PRIMARY KEY (`admin_id`, `role_id`) USING BTREE
) ENGINE = InnoDB
  CHARACTER SET = utf8mb4
  COLLATE = utf8mb4_general_ci COMMENT = 'и§’иүІе…іиҒ”иЎЁ'
  ROW_FORMAT = Dynamic;

-- ----------------------------
-- Table structure for la_admin_session
-- ----------------------------
DROP TABLE IF EXISTS `la_admin_session`;
CREATE TABLE `la_admin_session`
(
    `id`          int(11) UNSIGNED                                             NOT NULL AUTO_INCREMENT,
    `admin_id`    int(11) UNSIGNED                                             NOT NULL COMMENT 'з”ЁжҲ·id',
    `terminal`    tinyint(1)                                                   NOT NULL DEFAULT 1 COMMENT 'е®ўжҲ·з«Ҝзұ»еһӢпјҡ1-pcз®ЎзҗҶеҗҺеҸ° 2-mobileжүӢжңәз®ЎзҗҶеҗҺеҸ°',
    `token`       varchar(32) CHARACTER SET utf8mb4 COLLATE utf8mb4_general_ci NOT NULL COMMENT 'д»ӨзүҢ',
    `update_time` int(10)                                                      NULL     DEFAULT NULL COMMENT 'жӣҙж–°ж—¶й—ҙ',
    `expire_time` int(10)                                                      NOT NULL COMMENT 'еҲ°жңҹж—¶й—ҙ',
    PRIMARY KEY (`id`) USING BTREE,
    UNIQUE INDEX `admin_id_client` (`admin_id`, `terminal`) USING BTREE COMMENT 'дёҖдёӘз”ЁжҲ·еңЁдёҖдёӘз»Ҳз«ҜеҸӘжңүдёҖдёӘtoken',
    UNIQUE INDEX `token` (`token`) USING BTREE COMMENT 'tokenжҳҜе”ҜдёҖзҡ„'
) ENGINE = InnoDB
  AUTO_INCREMENT = 1
  CHARACTER SET = utf8mb4
  COLLATE = utf8mb4_general_ci COMMENT = 'з®ЎзҗҶе‘ҳдјҡиҜқиЎЁ'
  ROW_FORMAT = Dynamic;

-- ----------------------------
-- Table structure for la_article
-- ----------------------------
DROP TABLE IF EXISTS `la_article`;
CREATE TABLE `la_article`
(
    `id`            int(11)                                                       NOT NULL AUTO_INCREMENT COMMENT 'ж–Үз« id',
    `tenant_id`     int(11)                                                       NOT NULL COMMENT 'з§ҹжҲ·ID',
    `cid`           int(11)                                                       NOT NULL COMMENT 'ж–Үз« еҲҶзұ»',
    `title`         varchar(255) CHARACTER SET utf8mb4 COLLATE utf8mb4_general_ci NOT NULL COMMENT 'ж–Үз« ж Үйўҳ',
    `desc`          varchar(255) CHARACTER SET utf8mb4 COLLATE utf8mb4_general_ci NULL     DEFAULT '' COMMENT 'з®Җд»Ӣ',
    `abstract`      text CHARACTER SET utf8mb4 COLLATE utf8mb4_general_ci         NULL COMMENT 'ж–Үз« ж‘ҳиҰҒ',
    `image`         varchar(128) CHARACTER SET utf8mb4 COLLATE utf8mb4_general_ci NULL     DEFAULT NULL COMMENT 'ж–Үз« еӣҫзүҮ',
    `author`        varchar(255) CHARACTER SET utf8mb4 COLLATE utf8mb4_general_ci NULL     DEFAULT '' COMMENT 'дҪңиҖ…',
    `content`       text CHARACTER SET utf8mb4 COLLATE utf8mb4_general_ci         NULL COMMENT 'ж–Үз« еҶ…е®№',
    `click_virtual` int(10)                                                       NULL     DEFAULT 0 COMMENT 'иҷҡжӢҹжөҸи§ҲйҮҸ',
    `click_actual`  int(11)                                                       NULL     DEFAULT 0 COMMENT 'е®һйҷ…жөҸи§ҲйҮҸ',
    `is_show`       tinyint(1)                                                    NOT NULL DEFAULT 1 COMMENT 'жҳҜеҗҰжҳҫзӨә:1-жҳҜ.0-еҗҰ',
    `sort`          int(5)                                                        NULL     DEFAULT 0 COMMENT 'жҺ’еәҸ',
    `create_time`   int(11)                                                       NULL     DEFAULT NULL COMMENT 'еҲӣе»әж—¶й—ҙ',
    `update_time`   int(11)                                                       NULL     DEFAULT NULL COMMENT 'жӣҙж–°ж—¶й—ҙ',
    `delete_time`   int(11)                                                       NULL     DEFAULT NULL COMMENT 'еҲ йҷӨж—¶й—ҙ',
    PRIMARY KEY (`id`) USING BTREE
) ENGINE = InnoDB
  AUTO_INCREMENT = 4
  CHARACTER SET = utf8mb4
  COLLATE = utf8mb4_general_ci COMMENT = 'ж–Үз« иЎЁ'
  ROW_FORMAT = Dynamic;

-- ----------------------------
-- Records of la_article
-- ----------------------------
BEGIN;
INSERT INTO `la_article`
VALUES (1, 0, 3, 'и®©з”ҹжҙ»жӣҙзІҫиҮҙпјҒдә”ж¬ҫеұ…е®¶еҘҪзү©жҺЁиҚҗпјҢе®һз”ЁжҖ§и¶…й«ҳ', '##еҘҪзү©жҺЁиҚҗрҹ”Ҙ',
        'йҡҸзқҖеҪ“д»Јз”ҹжҙ»иҠӮеҘҸзҡ„еҝҷзўҢпјҢеҫҲеӨҡдәәеңЁй—ІжҡҮд№ӢдҪҷйғҪжғіеҘҪеҘҪзҡ„дә«еҸ—з”ҹжҙ»гҖӮйҡҸзқҖз§‘жҠҖзҡ„еҸ‘еұ•пјҢд№ҹеҮәзҺ°дәҶи¶ҠжқҘи¶ҠеӨҡеҸҜд»Ҙеё®еҠ©жҲ‘д»¬жҸҗеҚҮе№ёзҰҸж„ҹпјҢи®©з”ҹжҙ»еҸҳеҫ—жӣҙзІҫиҮҙзҡ„дә§е“ҒпјҢдёӢйқўе‘Ёе‘Ёе°ұз»ҷеӨ§е®¶зӣҳзӮ№дә”ж¬ҫеұ…е®¶еҝ…еӨҮзҡ„еҘҪзү©пјҢйғҪжҳҜе®һз”ЁжҖ§еҫҲй«ҳзҡ„дә§е“ҒпјҢе‘Ёе‘ЁеҸҜд»ҘдҝқиҜҒеӨ§е®¶д№°дәҶиӮҜе®ҡдјҡе–ңж¬ўгҖӮ',
        'resource/image/tenantapi/default/article01.png', 'зәўиҠұ',
        '<p>жӢҘжңүдёҖеҸ°жҠ•еҪұд»ӘпјҢй—ІжҡҮж—¶еҸҜд»ҘеңЁе®¶йҮҢзӣҙжҺҘзңӢеҪұйҷўзә§еҲ«зҡ„еӨ§зүҮпјҢе…үжҳҜжғіжғійғҪи§үеҫ—и¶…зә§зҲҪгҖӮеёӮйқўдёҠеҫҲеӨҡжҠ•еҪұд»ӘеӨ§еҮ еҚғпјҢе…¶е®һе‘Ёе‘Ёи§үеҫ—жІЎеҝ…иҰҒпјҢйҖүжі°жҚ·иҝҷж¬ҫдёҖеҚғеӨҡзҡ„и¶іеӨҹдәҶпјҢжҖ§д»·жҜ”йқһеёёй«ҳгҖӮ</p><p>жі°жҚ·зҡ„дё“дёҡеәҰеҫҲй«ҳпјҢеңЁз”өи§ҶTVйўҶеҹҹз ”еҸ‘е·Із»ҸеҚҒе№ҙпјҢжңүиҜёеӨҡдё“еҲ©е’ҢжҠҖжңҜеҲӣж–°пјҢиҚЈиҺ·еӣҪеҶ…еӨ–еӨҡйЎ№жҠҖжңҜеҘ–йЎ№пјҢжӢҝдёӢдәҶи…ҫи®ҜеҲӣж–°е·ҘеңәжҠ•иө„пјҢжү“йҖ зҡ„жі°жҚ·и§Ҷйў‘TVз«Ҝе’Ңжі°жҚ·з”өи§Ҷзӣ’еӯҗйғҪиҺ·еҫ—дәҶжһҒй«ҳиҜ„д»·гҖӮ</p><p>иҝҷж¬ҫжҠ•еҪұд»Әзҡ„еҲҶиҫЁзҺҮеңЁ3000е…ғеҶ…ж— ж•ҢпјҢеҒҡеҲ°дәҶзңҹ1080Pй«ҳеҲҶиҫЁзҺҮпјҢд№ҹе°ұжҳҜи·ҹеёӮеңәе”®д»·дёүеҚғDLPжҠ•еҪұд»ӘдёҖж ·зҡ„еҲҶиҫЁзҺҮпјҢзңҹжӯЈеҒҡеҲ°дәҶеҲҶжҜ«жҜ•зҺ°пјҢеғҸжЎҢеёғзҡ„иҠұзә№гҖҒеӨ©з©әзҡ„дә‘еҪ©зӯүпјҢиҝҷдәӣз»ҶиҠӮйғҪжё…жҷ°еҸҜи§ҒгҖӮ</p><p>дә®еәҰж–№йқўпјҢжі°жҚ·иҫҫеҲ°дәҶ850ANSIжөҒжҳҺпјҢеҗҢд»·дҪҚдёҖиҲ¬жҳҜ200ANSIгҖӮиҝҷжҳҜеӣ дёәжі°жҚ·дёәдәҶжҸҗеҚҮдә®еәҰе’ҢLCDжҠҖжңҜйҖҸе°„зҺҮдҪҺзҡ„й—®йўҳпјҢйҰ–еҲӣй«ҳеҠҹзҺҮLEDзҒҜжәҗпјҢи®©е…¶дә®еәҰеҒҡеҲ°еҗҢд»·дҪҚжңҖеҘҪгҖӮдё“дёҡеӘ’дҪ“д№ҹиҝӣиЎҢдәҶеӨҡж¬ЎеҜ№жҜ”пјҢж•ҲжһңдёҺ3000е…ғд»·дҪҚжҠ•еҪұд»ӘзӣёеҪ“гҖӮ</p><p>ж“ҚдҪңзі»з»ҹе‘Ёе‘Ёд№ҹеҫҲе–ңж¬ўпјҢе®Ңе…ЁдёҚеҚЎгҖӮжі°жҚ·дҪңдёәиө„ж·ұйҹіи§Ҷйў‘е“ҒзүҢпјҢеңЁзі»з»ҹдјҳеҢ–ж–№йқўжңүеҚҒе№ҙзҡ„з ”еҸ‘з»ҸйӘҢпјҢжү“йҖ еҮәзҡ„вҖңйӣ¶жһҒвҖқзі»з»ҹжҳҜдёҡеҶ…е…¬и®Өж•ҲзҺҮжңҖй«ҳгҖҒйҖҹеәҰжңҖеҝ«зҡ„зі»з»ҹпјҢз”ЁжҲ·д№ҹиҜ„д»·е®ғжөҒз•…еәҰиғҪдёҖеҸ°йЎ¶дёүеҸ°пјҢиҖҢдё”дёәдәҶи§ЈеҶіиЎҢдёҡе№ҝе‘ҠеӨҡиҝҷдёҖз—ӣзӮ№пјҢзі»з»ҹеҶ…дёҚжӨҚе…Ҙд»»дҪ•е№ҝе‘ҠгҖӮ</p>',
        1, 2, 1, 0, 1663317759, 1727070911, NULL),
       (2, 0, 2, 'еҹӢи‘¬UIи®ҫи®ЎеёҲзҡ„еқҹеў“дёҚжҳҜеҶ…еҚ·пјҢиҖҢжҳҜе…Қиҙ№жЁЎејҸ', '',
        'жң¬ж–Үд»ҺеҸҰеӨ–дёҖдёӘи§’еәҰпјҢиҒҠиҒҠдҪңиҖ…еҜ№UIи®ҫи®ЎеёҲиҒҢдёҡеҸ‘еұ•еүҚжҷҜзҡ„жӢ…еҝ§пјҢж¬ўиҝҺд»ҺдәӢUIи®ҫи®Ўзҡ„еҗҢеӯҰжқҘеҸӮдёҺи®Ёи®әпјҢдјҡжңүиө д№Ұе“Ұ',
        'resource/image/tenantapi/default/article02.jpeg', 'е°ҸжҳҺ',
        '<p><br></p><p style=\"text-align: justify;\">дёҖдёӘиҒҢдёҡпјҢеҚ·пјҢж №жң¬е°ұжІЎд»Җд№ҲеӨ§дёҚдәҶзҡ„пјҢе°Өе…¶жҳҜжҲҗзҶҹдё”ж”¶е…Ҙй«ҳзҡ„иҒҢдёҡпјҢдёҚеҚ·жүҚдёҚз¬ҰеҗҲдәӢзү©еҸ‘еұ•зҡ„и§„еҫӢгҖӮдҪ•еҶө UI и®ҫи®ЎеёҲзҡ„дәәеҠӣеёӮеңәеҲ°д»ҠеӨ©д№ҹе’Ң 5 е№ҙеүҚдёҖж ·пјҢиҝҳжҳҜеҒңз•ҷеңЁеӨ§еһӢиҸңйёЎдә’е•„зҡ„еңәйқўгҖӮиҝңдёҚиғҪе’ҢеҢ»з–—гҖҒиҜҒеҲёгҖҒж•ҷеёҲжҲ–иҖ…жј”иүәз»ғд№ з”ҹзӣёжҸҗе№¶и®әгҖӮ</p><p style=\"text-align: justify;\">зңҹжӯЈдјҡи®©жҲ‘еҜ№UIи®ҫи®ЎеёҲеҸ‘еұ•еүҚжҷҜи§үеҫ—жӮІи§Ӯзҡ„дәӢжғ…е°ұеҸӘжңүдёҖд»¶ вҖ”вҖ” еӣҪеҶ…зҡ„дә’иҒ”зҪ‘дә§е“Ғе…Қиҙ№жңәеҲ¶гҖӮиҝҷд№ҹжҳҜдёҖдёӘжҲ‘дёҖзӣҙд»ҘжқҘжғіи®Ёи®әзҡ„иҜқйўҳпјҢе°ұеңЁиҝҷж¬ЎеҶҷдёҖеҶҷгҖӮ</p><p style=\"text-align: justify;\">еӣҪеҶ…дә’иҒ”зҪ‘еёӮеңәзҡ„еҸ‘еұ•пјҢжҳҜдёҖйғЁжө©зҖҡзҡ„ вҖңе…Қиҙ№з»ҸжөҺвҖқ еҸ‘еұ•еҸІгҖӮиҷҪз„¶д»ҠеӨ©е…Қиҙ№е·Із»ҸжҳҜж·ұе…ҘеӣҪеҶ…ж°‘дј—йӘЁй«“зҡ„и®ӨзҹҘпјҢдҪҶжңҖж—©зҡ„дёӯж–Үдә’иҒ”зҪ‘д№ҹжҳҜйңҖиҰҒд»ҳиҙ№зҡ„пјҢзҪ‘жёёд№ҹйғҪжҳҜиҰҒиҠұй’ұзҡ„гҖӮ</p><p style=\"text-align: justify;\">еҸӘжҳҜиҮӘжңүеӣҪжғ…еңЁжӯӨпјҢд»ҳиҙ№зЎ®е®һйҳ»зўҚдәҶдә’иҒ”зҪ‘иЎҢдёҡзҡ„жү©еј е’Ңжҷ®еҸҠпјҢдёҖжү№еҲӣдёҡе®¶е°ұејҖе§ӢйҖҡиҝҮе…Қиҙ№зҡ„жЁЎејҸдёәз”ЁжҲ·жҸҗдҫӣжңҚеҠЎпјҢд»ҺиҖҢжү©еӨ§дәҶиҮӘе·ұзҡ„дә§е“ҒиҰҶзӣ–йқўе’Ңжҷ®еҸҠзЁӢеәҰгҖӮ</p><p style=\"text-align: justify;\">еҚ°иұЎжңҖж·ұзҡ„е°ұжҳҜе…Қиҙ№жҖҘе…Ҳй”Ӣе‘ЁйёҝзҘҺпјҢе’ҢзҺ°еңЁйІңе°‘еҮәзҺ°еңЁе…¬дј—и§ҶйҮҺдёҚеҗҢпјҢдёҖйӣ¶е№ҙеүҚд»–жҳҜеҪ“д№Ӣж— ж„§зҡ„дә’иҒ”зҪ‘ж•ҷдё»пјҢеӣ дёәд»–ејҖеҸ‘еҮәдәҶз¬ҰеҗҲдёӯеӣҪеӣҪжғ…зҡ„дә’иҒ”зҪ‘дә§е“Ғ вҖңжү“жі•вҖқпјҢи®© 360 зҡ„еҸ‘еұ•еҰӮж—ҘдёӯеӨ©гҖӮ</p><p style=\"text-align: justify;\">е°ұжҳҜд»–еңЁиҮӘдј дёӯжҸҗеҲ°пјҡ</p><p style=\"text-align: justify;\">еҸӘиҰҒжҳҜеңЁдә’иҒ”зҪ‘дёҠжҜҸдёӘдәәйғҪйңҖиҰҒзҡ„жңҚеҠЎпјҢжҲ‘д»¬е°ұи®Өдёәе®ғжҳҜеҹәзЎҖжңҚеҠЎпјҢеҹәзЎҖжңҚеҠЎдёҖе®ҡжҳҜе…Қиҙ№зҡ„пјҢиҝҷж ·зҡ„иҜқдёҚдјҡеҪўжҲҗд»·еҖјжӯ§и§ҶгҖӮе°ұжҳҜиҜҙпјҢеҸӘиҰҒиҝҷз§ҚжңҚеҠЎжҳҜжҜҸдёӘдәәйғҪдёҖе®ҡиҰҒз”Ёзҡ„пјҢжҲ‘дёҖе®ҡе…Қиҙ№жҸҗдҫӣпјҢиҖҢдё”жҳҜж— жқЎд»¶е…Қиҙ№гҖӮеўһеҖјжңҚеҠЎдёҚжҳҜжүҖжңүдәәйғҪйңҖиҰҒзҡ„пјҢиҝҷдёӘжҜ”дҫӢеҸҜиғҪдјҡзӣёеҪ“дҪҺпјҢе®ғеҸӘжҳҜзҷҫеҲҶд№ӢеҮ з”ҡиҮіжӣҙе°‘жҜ”дҫӢзҡ„дәәйңҖиҰҒпјҢжүҖд»Ҙиҝҷз§ҚжңҚеҠЎдёҖе®ҡиҰҒж”¶иҙ№вҖҰвҖҰ</p><p style=\"text-align: justify;\">иҝҷе°ұжҳҜдә’иҒ”зҪ‘зҡ„жёёжҲҸи§„еҲҷпјҢе®ғеҶіе®ҡдәҶиҰҒжғіе»әз«ӢдёҖдёӘжңүж•Ҳзҡ„е•ҶдёҡжЁЎејҸпјҢе°ұдёҖе®ҡиҰҒжңүжө·йҮҸзҡ„з”ЁжҲ·еҹәж•°вҖҰвҖҰ</p>',
        2, 4, 1, 0, 1663322854, 1727071178, NULL),
       (3, 0, 1, 'йҮ‘еұұз”өжұ е…¬еёғвҖңжІӘе№ҝж·ұеёӮж°‘з»ҝиүІз”ҹжҙ»ж–№ејҸвҖқи°ғжҹҘз»“жһң', '',
        '60%д»ҘдёҠеҸ—и®ҝиҖ…и®Өдёәй«ҳиҙЁйҮҸзҡ„10еҲҶй’ҹи¶ід»Ҙе®ҢжҲҗвҖңиҮӘжҲ‘е……з”өвҖқ', 'resource/image/tenantapi/default/article03.png',
        'дёӯзҪ‘иө„и®Ҝз§‘жҠҖ',
        '<p style=\"text-align: left;\"><strong>ж·ұеңіпјҢ2021е№ҙ10жңҲ22ж—Ҙпјү</strong>з”ҹжҙ»еңЁдёҖзәҝеҹҺеёӮзҡ„жІӘе№ҝж·ұеёӮж°‘дёҖеҗ‘д»Ҙж•ҲзҺҮи§Ғз§°пјҢе·ҘдҪңз№Ғеҝҷе’Ңеҝ«иҠӮеҘҸзҡ„з”ҹжҙ»е®№жҳ“зјәд№Ҹе……и¶ізҡ„дј‘жҒҜгҖӮиҝ‘ж—ҘпјҢдёҖйЎ№й’ҲеҜ№жІӘе№ҝж·ұеёӮж°‘з»ҝиүІз”ҹжҙ»ж–№ејҸиҖҢеұ•ејҖзҡ„зҪ‘з»ңй—®еҚ·и°ғжҹҘеј•иө·дәҶеӨ§е®¶зҡ„жіЁж„ҸгҖӮй—®еҚ·зҡ„й—®йўҳи®ҫе®ҡйӣҶдёӯдәҺеёӮж°‘еҜ№дј‘жҒҜж—¶й—ҙзҡ„зңӢжі•пјҢд»ҘеҸҠд»ҺеҜ№еҫӘзҺҜе……з”өз”өжұ зҡ„дҪҝз”Ёж–№йқўдәҶи§Је…¶еҜ№з»ҝиүІз”ҹжҙ»ж–№ејҸзҡ„жҖҒеәҰгҖӮиҜҘи°ғжҹҘйҮҮз”ЁйҡҸжңәжҠҪж ·зҡ„жЁЎејҸпјҢе№¶еҜ№жңҖз»Ҳж”¶йӣҶзҡ„1,500д»Ҫжңүж•Ҳй—®еҚ·иҝӣиЎҢдё“дёҡеҲҶжһҗеҗҺеҸ‘зҺ°пјҢи¶…иҝҮ60%зҡ„еҸ—и®ҝиҖ…иЎЁзӨәпјҢеңЁжҜҸеӨ©зҡ„е·ҘдҪңж—¶ж®өиғҪжӢҘжңү10еҲҶй’ҹй«ҳиҙЁйҮҸзҡ„дј‘жҒҜж—¶й—ҙпјҢе°ұеҸҜд»Ҙй«ҳж•ҲвҖңиҮӘжҲ‘е……з”өвҖқгҖӮиҜҘи°ғжҹҘз»“жһңеҸҚжҳ еҮәпјҢеңЁеҝ«иҠӮеҘҸж—¶д»ЈдёӢпјҢдәәд»¬йңҖиҰҒй«ҳиҙЁйҮҸзҡ„дј‘жҒҜж—¶й—ҙпјҢд№ҹиҰҒеӯҰдјҡеҲ©з”Ёй«ҳж•ҲзҺҮзҡ„дј‘жҒҜж–№ејҸе’Ңе·Ҙе…·жқҘеә”еҜ№еҝ«иҠӮеҘҸзҡ„з”ҹжҙ»пјҢд»Ҙж—¶еҲ»дҝқжҢҒвҖңж»Ўз”өвҖқзҠ¶жҖҒгҖӮ</p><p style=\"text-align: left;\">гҖҖгҖҖ<strong>60%д»ҘдёҠеҸ—и®ҝиҖ…и®Өдёәй«ҳиҙЁйҮҸзҡ„10еҲҶй’ҹи¶ід»Ҙе®ҢжҲҗвҖңиҮӘжҲ‘е……з”өвҖқ</strong></p><p style=\"text-align: left;\">гҖҖгҖҖиҝҷж¬Ўи°ғжҹҘи¶…иҝҮ1,500дәәпјҢдё»иҰҒиҒҡз„Ұ18иҮі85еІҒзҡ„жІӘе№ҝж·ұеёӮж°‘пјҢдәҶи§Јд»–д»¬еҜ№дәҺдј‘жҒҜж—¶й—ҙзҡ„и§ӮеҝөеҸҠдҪҝз”Ёе……з”өз”өжұ зҡ„д№ жғҜпјҢз»“жһңеҸ‘зҺ°пјҡ</p><p style=\"text-align: left;\">гҖҖгҖҖВ· 90%д»ҘдёҠжңүе·ҘдҪңеҸ—и®ҝиҖ…жҜҸеӨ©е·ҘдҪңж—¶й—ҙеңЁ7е°Ҹж—¶д»ҘдёҠпјҢе№іеқҮе·ҘдҪңж—¶й—ҙдёә8е°Ҹж—¶пјҢе…¶дёӯ43%д»ҘдёҠзҡ„еҸ—и®ҝиҖ…е·ҘдҪңж—¶й—ҙи¶…иҝҮ9е°Ҹж—¶</p><p style=\"text-align: left;\">гҖҖгҖҖВ· 70%еҸ—и®ҝиҖ…и®ӨдёәеңЁе·ҘдҪңжңҹй—ҙжӢҘжңү10еҲҶй’ҹвҖңиҮӘжҲ‘е……з”өвҖқж—¶й—ҙдёҚжҳҜдёҖд»¶еӣ°йҡҫзҡ„дәӢжғ…</p><p style=\"text-align: left;\">гҖҖгҖҖВ· 60%еҸ—и®ҝиҖ…и®ӨдёәеңЁе·ҘдҪңжңҹй—ҙжңү10еҲҶй’ҹдј‘жҒҜж—¶й—ҙи¶ід»ҘдёәиҮӘе·ұеҝ«йҖҹе……з”ө</p><p style=\"text-align: left;\">гҖҖгҖҖдёҙеәҠеҝғзҗҶеӯҰе®¶й»„е’ҸиҜ—еҘіеЈ«еңЁеҸ‘еёғдјҡдёҠеҲҶдә«дёәиҮӘе·ұеҝ«йҖҹе……з”өзҡ„е®һз”ЁжҠҖе·§пјҢеҘ№иЎЁзӨәпјҡвҖңдәӢе®һдёҠпјҢеҸӘиҰҒйҖүжӢ©жӯЈзЎ®зҡ„дј‘жҒҜж–№жі•пјҢ10еҲҶй’ҹд№ҹи¶ід»ҘдёәиҮӘе·ұе……з”өгҖӮд»Ҙе–қе’–е•ЎдёәдҫӢпјҢжҲ‘д»¬еҸҜд»ҘдҪҝз”ЁеҝғзҒөдј‘жҒҜжі• в”Җв”Җ йқҷи§Ӯе‘јеҗёпјҢж…ўж…ўж„ҹеҸ—е’–е•Ўзҡ„жё©еәҰе’Ңж°”е‘іпјҢеҰӮжһңиғҪй…ҚеҗҲзқҖиҒҶеҗ¬жөҒж°ҙжҲ–жө·жҙӢзҡ„еЈ°йҹіпјҢиғҪеӨҹжңүж•Ҳж”ҫжқҫеӨ§и„‘еҸҠеҝғзҒөгҖӮвҖқ</p><p style=\"text-align: left;\">гҖҖгҖҖиҝҷж¬Ўи°ғжҹҘз»“жһңеҸҚжҳ еҮәжІӘе№ҝж·ұеёӮж°‘зҡ„еёҢжңӣеңЁз№Ғеҝҷзҡ„е·ҘдҪңдёӯйҖӮж—¶еҒңдёӢжқҘпјҢжҠҪеҮә10еҲҶй’ҹе–қжқҜе’–е•ЎгҖҒиҒҶеҗ¬йҹід№җжҲ–е°ҸзқЎзүҮеҲ»пјҢдёәиҮӘе·ұе……з”өгҖӮйҮ‘еұұз”өжұ е…Ёж–°жҺЁеҮәзҡ„вҖңз»ҝеҶҚеҚҒеҲҶе……вҖқи¶…еҝ«йҖҹе……з”өеҷЁд»…йңҖ10еҲҶй’ҹе°ұиғҪе……еҘҪз”өпјҢе–қдёҖжқҜе’–е•Ўзҡ„ж—¶й—ҙж—ўиғҪе®ҢжҲҗвҖңиҮӘжҲ‘е……з”өвҖқпјҢд№ҹж»Ўи¶іи®ҫеӨҮдҪҝз”Ёзҡ„з”Ёз”өйңҖжұӮпјҢдёәжҸҗеҚҮе·ҘдҪңж•ҲзҺҮе’Ңж”ҫжқҫиә«еҝғжіЁе…Ҙж–°иғҪйҮҸгҖӮ</p><p style=\"text-align: left;\">гҖҖгҖҖ<strong>йҮ‘еұұз”өжұ жҺЁеҮә10еҲҶй’ҹи¶…еҝ«з”өжұ е……з”өеҷЁ*з»ҝеҶҚеҚҒеҲҶе……пјҢд»ҘеҲӣж–°з§‘жҠҖдёәеёӮеңәеёҰжқҘйқ©ж–°дҪ“йӘҢ</strong></p><p style=\"text-align: left;\">гҖҖгҖҖиҜҘй—®еҚ·еҗҢж—¶д»ҺжІӘе№ҝж·ұеёӮж°‘еҜ№еҫӘзҺҜе……з”өз”өжұ зҡ„дҪҝз”Ёж–№йқўиҝӣиЎҢдәҶи°ғжҹҘпјҢд»ҘдәҶи§Је…¶еҜ№з»ҝиүІз”ҹжҙ»ж–№ејҸзҡ„жҖҒеәҰпјҡ</p><p style=\"text-align: left;\">гҖҖгҖҖВ· 87%еҸ—и®ҝиҖ…зӣ®еүҚжІЎжңүдҪҝз”Ёе……з”өз”өжұ пјҢе…¶дёӯ61%иЎЁзӨәдјҡиҖғиҷ‘дҪҝз”Ёе……з”өз”өжұ </p><p style=\"text-align: left;\">гҖҖгҖҖВ· 58%еҸ—и®ҝиҖ…иҝҮеҫҖжӣҫдҪҝз”ЁиҝҮе……з”өз”өжұ пјҢеҚҙеҸӘжңү20%е·ҰеҸіеёӮж°‘д»ҚеңЁдҪҝз”Ё</p><p style=\"text-align: left;\">гҖҖгҖҖВ· 60%е·ҰеҸіеҸ—и®ҝиҖ…и®Өдёәе……з”өз”өжұ е°ҡжңӘиў«е№ҝжіӣдҪҝз”ЁпјҢдё»иҰҒйҡңзўҚжқҘиҮӘдәҺе……з”өж—¶й—ҙиҝҮй•ҝгҖҒзјәд№Ҹзӣёе…іж•ҷиӮІ</p><p style=\"text-align: left;\">гҖҖгҖҖВ· 90%д»ҘдёҠеҸ—и®ҝиҖ…и®Өдёәе……з”өз”өжұ е……ж»Ўз”өйңҖиҰҒ1е°Ҹж—¶жҲ–жӣҙй•ҝзҡ„ж—¶й—ҙ</p><p style=\"text-align: left;\">гҖҖгҖҖйҮ‘еұұз”өжұ дёҖзӣҙиҮҙеҠӣдәҺдёәеӨ§дј—жҸҗдҫӣе®үе…ЁеҸҜйқ зҡ„е……з”өз”өжұ пјҢе№¶дёҺж¶Ҳиҙ№иҖ…зҡ„йңҖжұӮе’Ңз”ҹжҙ»ж–№ејҸдёҖиө·жј”еҸҳеҸҠиҝӣжӯҘгҖӮд»ҠеӨ©пјҢйҮ‘еұұз”өжұ е®ЈеёғжҺЁеҮә10еҲҶй’ҹи¶…еҝ«з”өжұ е……з”өеҷЁ*з»ҝеҶҚеҚҒеҲҶе……пјҢеҸӘйңҖ10еҲҶй’ҹ*еҚіеҸҜе°Ҷ4зІ’з»ҝеҶҚеҚҒеҲҶе……е……з”өз”өжұ е……еҘҪз”өпјҢе……з”өйҖҹеәҰжҜ”е…¶д»–е“ҒзүҢжҸҗеҚҮ3еҖҚ**гҖӮе……з”өеҷЁзҡ„LEDзҒҜеҸҜд»ҘжҳҫзӨәжҜҸзІ’з”өжұ зҡ„е……з”өзҠ¶жҖҒе’ҢжЁЎејҸпјҢе№¶жҸҗзӨәз”ЁжҲ·жҳҜеҗҰй”ҷиҜҜжҸ’е…Ҙе·ІжҚҹеқҸз”өжұ жҲ–дёҖж¬ЎжҖ§з”өжұ гҖӮе°Ҫз®Ўе…¶дҪ“еһӢе°Ҹе·§пјҢеҚҙе…·еӨҮеӨҡйЎ№еҲӣж–°з§‘жҠҖ пјҢеҰӮжӢҘжңүзӢ¬зү№зҡ„е……з”өз®—жі•д»ҘдјҳеҢ–е……з”өз”өжөҒпјҢе№¶иғҪж №жҚ®еҗ„дёӘз”өжұ зұ»еһӢгҖҒзҠ¶еҶөе’Ңжё©еәҰз”ЁжңҖзҹӯзҡ„ж—¶й—ҙдёәе……з”өз”өжұ е……еҘҪз”ө;з»ҝеҶҚеҚҒеҲҶе……еҶ…зҪ®жЁӘжөҒжүҮпјҢжңүж•ҲйҳІжӯўз”өжұ жё©еәҰиҝҮзғӯе’ҢжҸҗдҫӣдҪҺеҷӘйҹізҡ„е……з”өзҺҜеўғзӯүгҖӮ<br></p>',
        11, 4, 1, 0, 1663322665, 1727071154, NULL);

COMMIT;

-- ----------------------------
-- Table structure for la_article_cate
-- ----------------------------
DROP TABLE IF EXISTS `la_article_cate`;
CREATE TABLE `la_article_cate`
(
    `id`          int(11)                                                      NOT NULL AUTO_INCREMENT COMMENT 'ж–Үз« еҲҶзұ»id',
    `tenant_id`   int(11)                                                      NOT NULL COMMENT 'з§ҹжҲ·ID',
    `name`        varchar(90) CHARACTER SET utf8mb4 COLLATE utf8mb4_general_ci NULL DEFAULT NULL COMMENT 'еҲҶзұ»еҗҚз§°',
    `sort`        int(11)                                                      NULL DEFAULT 0 COMMENT 'жҺ’еәҸ',
    `is_show`     tinyint(1)                                                   NULL DEFAULT 1 COMMENT 'жҳҜеҗҰжҳҫзӨә:1-жҳҜ;0-еҗҰ',
    `create_time` int(10)                                                      NULL DEFAULT NULL COMMENT 'еҲӣе»әж—¶й—ҙ',
    `update_time` int(10)                                                      NULL DEFAULT NULL COMMENT 'жӣҙж–°ж—¶й—ҙ',
    `delete_time` int(10)                                                      NULL DEFAULT NULL COMMENT 'еҲ йҷӨж—¶й—ҙ',
    PRIMARY KEY (`id`) USING BTREE
) ENGINE = InnoDB
  AUTO_INCREMENT = 3
  CHARACTER SET = utf8mb4
  COLLATE = utf8mb4_general_ci COMMENT = 'ж–Үз« еҲҶзұ»иЎЁ'
  ROW_FORMAT = Dynamic;

-- ----------------------------
-- Records of la_article_cate
-- ----------------------------
BEGIN;
INSERT INTO `la_article_cate`
VALUES (1, 0, 'з§‘жҠҖ', 0, 1, 1663317280, 1663317280, NULL),
       (2, 0, 'з”ҹжҙ»', 0, 1, 1663317280, 1663321464, NULL),
       (3, 0, 'еҘҪзү©', 0, 1, 1727070858, 1727070858, NULL);
COMMIT;

-- ----------------------------
-- Table structure for la_article_collect
-- ----------------------------
DROP TABLE IF EXISTS `la_article_collect`;
CREATE TABLE `la_article_collect`
(
    `id`          int(10) UNSIGNED    NOT NULL AUTO_INCREMENT COMMENT 'дё»й”®',
    `tenant_id`   int(11)             NOT NULL COMMENT 'з§ҹжҲ·ID',
    `user_id`     int(10) UNSIGNED    NOT NULL DEFAULT 0 COMMENT 'з”ЁжҲ·ID',
    `article_id`  int(10) UNSIGNED    NOT NULL DEFAULT 0 COMMENT 'ж–Үз« ID',
    `status`      tinyint(1) UNSIGNED NOT NULL DEFAULT 0 COMMENT 'ж”¶и—ҸзҠ¶жҖҒ 0-жңӘж”¶и—Ҹ 1-е·Іж”¶и—Ҹ',
    `create_time` int(10) UNSIGNED    NOT NULL DEFAULT 0 COMMENT 'еҲӣе»әж—¶й—ҙ',
    `update_time` int(10) UNSIGNED    NOT NULL DEFAULT 0 COMMENT 'жӣҙж–°ж—¶й—ҙ',
    `delete_time` int(10)             NULL     DEFAULT NULL COMMENT 'еҲ йҷӨж—¶й—ҙ',
    PRIMARY KEY (`id`) USING BTREE
) ENGINE = InnoDB
  AUTO_INCREMENT = 1
  CHARACTER SET = utf8mb4
  COLLATE = utf8mb4_general_ci COMMENT = 'ж–Үз« ж”¶и—ҸиЎЁ'
  ROW_FORMAT = Dynamic;
-- ----------------------------
-- Table structure for la_cloud_goods
-- ----------------------------
DROP TABLE IF EXISTS `la_cloud_goods`;
CREATE TABLE `la_cloud_goods`
(
    `id`             int(11) UNSIGNED NOT NULL AUTO_INCREMENT COMMENT 'дә‘з«Ҝе•Ҷе“ҒID',
    `scope`          tinyint(1) UNSIGNED NOT NULL DEFAULT 1 COMMENT 'е•Ҷе“Ғеә“зұ»еһӢпјҡ1=е№іеҸ°е…¬е…ұ',
    `tenant_id`      int(11) UNSIGNED NOT NULL DEFAULT 0 COMMENT 'з§ҹжҲ·IDпјҢе…¬е…ұеә“дёә0',
    `owner_admin_id` int(11) UNSIGNED NOT NULL DEFAULT 0 COMMENT 'з»ҙжҠӨз®ЎзҗҶе‘ҳID',
    `owner_user_id`  int(11) UNSIGNED NOT NULL DEFAULT 0 COMMENT 'з»ҙжҠӨз”ЁжҲ·ID',
    `name`           varchar(200) NOT NULL DEFAULT '' COMMENT 'е•Ҷе“ҒеҗҚз§°',
    `product_code`   varchar(100) NOT NULL DEFAULT '' COMMENT 'е•Ҷе“Ғзј–з Ғ',
    `units`          varchar(50) NOT NULL DEFAULT '' COMMENT 'й»ҳи®ӨеҚ•дҪҚеҗҚз§°',
    `price`          decimal(12, 2) NOT NULL DEFAULT 0.00 COMMENT 'й”Җе”®д»·ж ј',
    `cost`           decimal(12, 2) NOT NULL DEFAULT 0.00 COMMENT 'жҲҗжң¬д»·',
    `stock`          decimal(12, 2) NOT NULL DEFAULT 0.00 COMMENT 'й»ҳи®Өеә“еӯҳ',
    `category_id`    int(11) UNSIGNED NOT NULL DEFAULT 0 COMMENT 'еҲҶзұ»ID',
    `category_name`  varchar(100) NOT NULL DEFAULT '' COMMENT 'дә‘з«ҜеҲҶзұ»еҗҚз§°еҝ«з…§',
    `supplier_name`  varchar(100) NOT NULL DEFAULT '' COMMENT 'дә‘з«Ҝдҫӣеә”е•ҶеҗҚз§°еҝ«з…§',
    `is_disabled`   tinyint(1) NOT NULL DEFAULT 0 COMMENT 'еҠ иҪҪеҗҺжҳҜеҗҰеҒңз”Ё',
    `status`         tinyint(1) NOT NULL DEFAULT 1 COMMENT 'дә‘з«ҜзҠ¶жҖҒпјҡ0=еҒңз”ЁпјҢ1=еҗҜз”Ё',
    `sort`           int(11) NOT NULL DEFAULT 0 COMMENT 'жҺ’еәҸ',
    `remark`         varchar(500) NOT NULL DEFAULT '' COMMENT 'еӨҮжіЁ',
    `create_time`    int(11) UNSIGNED NOT NULL DEFAULT 0 COMMENT 'еҲӣе»әж—¶й—ҙ',
    `update_time`    int(11) UNSIGNED NOT NULL DEFAULT 0 COMMENT 'жӣҙж–°ж—¶й—ҙ',
    PRIMARY KEY (`id`),
    KEY `idx_scope_tenant_status` (`scope`, `tenant_id`, `status`),
    KEY `idx_tenant_name_units` (`tenant_id`, `name`, `units`),
    KEY `idx_product_code` (`product_code`),
    KEY `idx_category_id` (`category_id`),
    KEY `idx_sort` (`sort`)
) ENGINE = InnoDB
  CHARACTER SET = utf8mb4
  COLLATE = utf8mb4_general_ci COMMENT = 'дә‘з«Ҝе•Ҷе“Ғеә“иЎЁ'
  ROW_FORMAT = Dynamic;

-- ----------------------------
-- Table structure for la_cloud_goods_import
-- ----------------------------
DROP TABLE IF EXISTS `la_cloud_goods_import`;
CREATE TABLE `la_cloud_goods_import`
(
    `id`               int(11) UNSIGNED NOT NULL AUTO_INCREMENT COMMENT 'еҜје…Ҙи®°еҪ•ID',
    `tenant_id`        int(11) UNSIGNED NOT NULL DEFAULT 0 COMMENT 'з§ҹжҲ·ID',
    `cloud_goods_id`   int(11) UNSIGNED NOT NULL DEFAULT 0 COMMENT 'дә‘з«Ҝе•Ҷе“ҒID',
    `goods_id`         int(11) UNSIGNED NOT NULL DEFAULT 0 COMMENT 'жң¬ең°е•Ҷе“ҒID',
    `user_id`          int(11) UNSIGNED NOT NULL DEFAULT 0 COMMENT 'ж“ҚдҪңз”ЁжҲ·ID',
    `admin_id`         int(11) UNSIGNED NOT NULL DEFAULT 0 COMMENT 'ж“ҚдҪңз®ЎзҗҶе‘ҳID',
    `source_scope`     tinyint(1) UNSIGNED NOT NULL DEFAULT 1 COMMENT 'жқҘжәҗзұ»еһӢпјҡ1=е№іеҸ°е…¬е…ұ',
    `load_unit_id`     int(11) UNSIGNED NOT NULL DEFAULT 0 COMMENT 'еҠ иҪҪж—¶йҖүжӢ©зҡ„еҚ•дҪҚID',
    `load_category_id` int(11) UNSIGNED NOT NULL DEFAULT 0 COMMENT 'еҠ иҪҪж—¶йҖүжӢ©зҡ„еҲҶзұ»ID',
    `load_supplier_id` int(11) UNSIGNED NOT NULL DEFAULT 0 COMMENT 'еҠ иҪҪж—¶йҖүжӢ©зҡ„дҫӣеә”е•ҶID',
    `load_snapshot`   longtext NULL COMMENT 'еҠ иҪҪж—¶дә‘з«Ҝе•Ҷе“Ғеҝ«з…§',
    `create_time`      int(11) UNSIGNED NOT NULL DEFAULT 0 COMMENT 'еҲӣе»әж—¶й—ҙ',
    `update_time`      int(11) UNSIGNED NOT NULL DEFAULT 0 COMMENT 'жӣҙж–°ж—¶й—ҙ',
    PRIMARY KEY (`id`),
    KEY `idx_tenant_cloud_goods` (`tenant_id`, `cloud_goods_id`),
    KEY `idx_tenant_goods` (`tenant_id`, `goods_id`),
    KEY `idx_admin_id` (`admin_id`),
    KEY `idx_user_id` (`user_id`)
) ENGINE = InnoDB
  CHARACTER SET = utf8mb4
  COLLATE = utf8mb4_general_ci COMMENT = 'дә‘з«Ҝе•Ҷе“ҒеҠ иҪҪи®°еҪ•иЎЁ'
  ROW_FORMAT = Dynamic;

-- ----------------------------
-- Table structure for la_config
-- ----------------------------
DROP TABLE IF EXISTS `la_config`;
CREATE TABLE `la_config`
(
    `id`          int(11)                                                      NOT NULL AUTO_INCREMENT,
    `type`        varchar(30) CHARACTER SET utf8mb4 COLLATE utf8mb4_general_ci NULL     DEFAULT NULL COMMENT 'зұ»еһӢ',
    `name`        varchar(60) CHARACTER SET utf8mb4 COLLATE utf8mb4_general_ci NOT NULL DEFAULT '' COMMENT 'еҗҚз§°',
    `value`       text CHARACTER SET utf8mb4 COLLATE utf8mb4_general_ci        NULL COMMENT 'еҖј',
    `create_time` int(10)                                                      NULL     DEFAULT NULL COMMENT 'еҲӣе»әж—¶й—ҙ',
    `update_time` int(10)                                                      NULL     DEFAULT NULL COMMENT 'жӣҙж–°ж—¶й—ҙ',
    PRIMARY KEY (`id`) USING BTREE
) ENGINE = InnoDB
  AUTO_INCREMENT = 1
  CHARACTER SET = utf8mb4
  COLLATE = utf8mb4_general_ci COMMENT = 'й…ҚзҪ®иЎЁ'
  ROW_FORMAT = Dynamic;

-- ----------------------------
-- Table structure for la_decorate_page
-- ----------------------------
DROP TABLE IF EXISTS `la_decorate_page`;
CREATE TABLE `la_decorate_page`
(
    `id`          int(10) UNSIGNED                                              NOT NULL AUTO_INCREMENT COMMENT 'дё»й”®',
    `tenant_id`   int(10)                                                       NOT NULL COMMENT 'з§ҹжҲ·ID',
    `type`        tinyint(2) UNSIGNED                                           NOT NULL DEFAULT 10 COMMENT 'йЎөйқўзұ»еһӢ 1=е•ҶеҹҺйҰ–йЎө, 2=дёӘдәәдёӯеҝғ, 3=е®ўжңҚи®ҫзҪ® 4-PCйҰ–йЎө',
    `name`        varchar(100) CHARACTER SET utf8mb4 COLLATE utf8mb4_general_ci NOT NULL DEFAULT '' COMMENT 'йЎөйқўеҗҚз§°',
    `data`        text CHARACTER SET utf8mb4 COLLATE utf8mb4_general_ci         NULL COMMENT 'йЎөйқўж•°жҚ®',
    `meta`        text CHARACTER SET utf8mb4 COLLATE utf8mb4_general_ci         NULL COMMENT 'йЎөйқўи®ҫзҪ®',
    `create_time` int(10) UNSIGNED                                              NOT NULL DEFAULT 0 COMMENT 'еҲӣе»әж—¶й—ҙ',
    `update_time` int(10) UNSIGNED                                              NOT NULL COMMENT 'жӣҙж–°ж—¶й—ҙ',
    PRIMARY KEY (`id`) USING BTREE
) ENGINE = InnoDB
  AUTO_INCREMENT = 6
  CHARACTER SET = utf8mb4
  COLLATE = utf8mb4_general_ci COMMENT = 'иЈ…дҝ®йЎөйқўй…ҚзҪ®иЎЁ'
  ROW_FORMAT = Dynamic;

-- ----------------------------
-- Records of la_decorate_page
-- ----------------------------
BEGIN;
INSERT INTO `la_decorate_page`
VALUES (1, 0, 1, 'е•ҶеҹҺйҰ–йЎө',
        '[{\"title\":\"жҗңзҙў\",\"name\":\"search\",\"disabled\":1,\"content\":{},\"styles\":{}},{\"title\":\"йҰ–йЎөиҪ®ж’ӯеӣҫ\",\"name\":\"banner\",\"content\":{\"enabled\":1,\"data\":[{\"image\":\"/resource/image/tenantapi/default/banner001.png\",\"name\":\"\",\"link\":{\"id\":6,\"name\":\"жқҘиҮӘз“·еҷЁзҡ„зҲұ\",\"path\":\"/pages/news_detail/news_detail\",\"query\":{\"id\":6},\"type\":\"article\"},\"is_show\":\"1\",\"bg\":\"/resource/image/tenantapi/default/banner001_bg.png\"},{\"image\":\"/resource/image/tenantapi/default/banner002.png\",\"name\":\"\",\"link\":{\"id\":3,\"name\":\"йҮ‘еұұз”өжұ е…¬еёғвҖңжІӘе№ҝж·ұеёӮж°‘з»ҝиүІз”ҹжҙ»ж–№ејҸвҖқи°ғжҹҘз»“жһң\",\"path\":\"/pages/news_detail/news_detail\",\"query\":{\"id\":3},\"type\":\"article\"},\"is_show\":\"1\",\"bg\":\"/resource/image/tenantapi/default/banner002_bg.png\"},{\"is_show\":\"1\",\"image\":\"/resource/image/tenantapi/default/banner003.png\",\"name\":\"\",\"link\":{\"id\":1,\"name\":\"и®©з”ҹжҙ»жӣҙзІҫиҮҙпјҒдә”ж¬ҫеұ…е®¶еҘҪзү©жҺЁиҚҗпјҢе®һз”ЁжҖ§и¶…й«ҳ\",\"path\":\"/pages/news_detail/news_detail\",\"query\":{\"id\":1},\"type\":\"article\"},\"bg\":\"/resource/image/tenantapi/default/banner003_bg.png\"}],\"style\":1,\"bg_style\":1},\"styles\":{}},{\"title\":\"еҜјиҲӘиҸңеҚ•\",\"name\":\"nav\",\"content\":{\"enabled\":1,\"data\":[{\"image\":\"/resource/image/tenantapi/default/nav01.png\",\"name\":\"иө„и®Ҝдёӯеҝғ\",\"link\":{\"path\":\"/pages/news/news\",\"name\":\"ж–Үз« иө„и®Ҝ\",\"type\":\"shop\",\"canTab\":true},\"is_show\":\"1\"},{\"image\":\"/resource/image/tenantapi/default/nav03.png\",\"name\":\"дёӘдәәи®ҫзҪ®\",\"link\":{\"path\":\"/pages/user_set/user_set\",\"name\":\"дёӘдәәи®ҫзҪ®\",\"type\":\"shop\"},\"is_show\":\"1\"},{\"image\":\"/resource/image/tenantapi/default/nav02.png\",\"name\":\"жҲ‘зҡ„ж”¶и—Ҹ\",\"link\":{\"path\":\"/pages/collection/collection\",\"name\":\"жҲ‘зҡ„ж”¶и—Ҹ\",\"type\":\"shop\"},\"is_show\":\"1\"},{\"image\":\"/resource/image/tenantapi/default/nav05.png\",\"name\":\"е…ідәҺжҲ‘д»¬\",\"link\":{\"path\":\"/pages/as_us/as_us\",\"name\":\"е…ідәҺжҲ‘д»¬\",\"type\":\"shop\"},\"is_show\":\"1\"},{\"image\":\"/resource/image/tenantapi/default/nav04.png\",\"name\":\"иҒ”зі»е®ўжңҚ\",\"link\":{\"path\":\"/pages/customer_service/customer_service\",\"name\":\"иҒ”зі»е®ўжңҚ\",\"type\":\"shop\"},\"is_show\":\"1\"}],\"style\":2,\"per_line\":5,\"show_line\":2},\"styles\":{}},{\"title\":\"йҰ–йЎөдёӯйғЁиҪ®ж’ӯеӣҫ\",\"name\":\"middle-banner\",\"content\":{\"enabled\":1,\"data\":[{\"is_show\":\"1\",\"image\":\"/resource/image/tenantapi/default/index_ad01.png\",\"name\":\"\",\"link\":{\"path\":\"/pages/agreement/agreement\",\"name\":\"йҡҗз§Ғж”ҝзӯ–\",\"query\":{\"type\":\"privacy\"},\"type\":\"shop\"}}]},\"styles\":{}},{\"id\":\"l84almsk2uhyf\",\"title\":\"иө„и®Ҝ\",\"name\":\"news\",\"disabled\":1,\"content\":{},\"styles\":{}}]',
        '[{\"title\":\"йЎөйқўи®ҫзҪ®\",\"name\":\"page-meta\",\"content\":{\"title\":\"йҰ–йЎө\",\"bg_type\":\"2\",\"bg_color\":\"#2F80ED\",\"bg_image\":\"/resource/image/tenantapi/default/page_meta_bg01.png\",\"text_color\":\"2\",\"title_type\":\"2\",\"title_img\":\"/resource/image/tenantapi/default/page_mate_title.png\"},\"styles\":{}}]',
        1661757188, 1710989700);
INSERT INTO `la_decorate_page`
VALUES (2, 0, 2, 'дёӘдәәдёӯеҝғ',
        '[{\"title\":\"з”ЁжҲ·дҝЎжҒҜ\",\"name\":\"user-info\",\"disabled\":1,\"content\":{},\"styles\":{}},{\"title\":\"жҲ‘зҡ„жңҚеҠЎ\",\"name\":\"my-service\",\"content\":{\"style\":1,\"title\":\"жҲ‘зҡ„жңҚеҠЎ\",\"data\":[{\"image\":\"/resource/image/tenantapi/default/user_collect.png\",\"name\":\"жҲ‘зҡ„ж”¶и—Ҹ\",\"link\":{\"path\":\"/pages/collection/collection\",\"name\":\"жҲ‘зҡ„ж”¶и—Ҹ\",\"type\":\"shop\"},\"is_show\":\"1\"},{\"image\":\"/resource/image/tenantapi/default/user_setting.png\",\"name\":\"дёӘдәәи®ҫзҪ®\",\"link\":{\"path\":\"/pages/user_set/user_set\",\"name\":\"дёӘдәәи®ҫзҪ®\",\"type\":\"shop\"},\"is_show\":\"1\"},{\"image\":\"/resource/image/tenantapi/default/user_kefu.png\",\"name\":\"иҒ”зі»е®ўжңҚ\",\"link\":{\"path\":\"/pages/customer_service/customer_service\",\"name\":\"иҒ”зі»е®ўжңҚ\",\"type\":\"shop\"},\"is_show\":\"1\"},{\"image\":\"/resource/image/tenantapi/default/wallet.png\",\"name\":\"жҲ‘зҡ„й’ұеҢ…\",\"link\":{\"path\":\"/packages/pages/user_wallet/user_wallet\",\"name\":\"жҲ‘зҡ„й’ұеҢ…\",\"type\":\"shop\"},\"is_show\":\"1\"}],\"enabled\":1},\"styles\":{}},{\"title\":\"дёӘдәәдёӯеҝғе№ҝе‘Ҡеӣҫ\",\"name\":\"user-banner\",\"content\":{\"enabled\":1,\"data\":[{\"image\":\"/resource/image/tenantapi/default/user_ad01.png\",\"name\":\"\",\"link\":{\"path\":\"/pages/customer_service/customer_service\",\"name\":\"иҒ”зі»е®ўжңҚ\",\"type\":\"shop\"},\"is_show\":\"1\"},{\"image\":\"/resource/image/tenantapi/default/user_ad02.png\",\"name\":\"\",\"link\":{\"path\":\"/pages/customer_service/customer_service\",\"name\":\"иҒ”зі»е®ўжңҚ\",\"type\":\"shop\"},\"is_show\":\"1\"}]},\"styles\":{}}]',
        '[{\"title\":\"йЎөйқўи®ҫзҪ®\",\"name\":\"page-meta\",\"content\":{\"title\":\"дёӘдәәдёӯеҝғ\",\"bg_type\":\"1\",\"bg_color\":\"#2F80ED\",\"bg_image\":\"\",\"text_color\":\"1\",\"title_type\":\"2\",\"title_img\":\"/resource/image/tenantapi/default/page_mate_title.png\"},\"styles\":{}}]',
        1661757188, 1710933097);
INSERT INTO `la_decorate_page`
VALUES (3, 0, 3, 'е®ўжңҚи®ҫзҪ®',
        '[{\"title\":\"е®ўжңҚи®ҫзҪ®\",\"name\":\"customer-service\",\"content\":{\"title\":\"ж·»еҠ е®ўжңҚдәҢз»ҙз Ғ\",\"time\":\"ж—©дёҠ 9:30 - 19:00\",\"mobile\":\"18578768757\",\"qrcode\":\"/resource/image/common/kefu01.png\",\"remark\":\"й•ҝжҢүж·»еҠ е®ўжңҚжҲ–жӢЁжү“е®ўжңҚзғӯзәҝ\"},\"styles\":{}}]',
        '', 1661757188, 1710929953);
INSERT INTO `la_decorate_page`
VALUES (4, 0, 4, 'PCи®ҫзҪ®',
        '[{\"id\":\"lajcn8d0hzhed\",\"title\":\"йҰ–йЎөиҪ®ж’ӯеӣҫ\",\"name\":\"pc-banner\",\"content\":{\"enabled\":1,\"data\":[{\"image\":\"/resource/image/tenantapi/default/banner003.png\",\"name\":\"\",\"link\":{\"path\":\"/pages/news/news\",\"name\":\"ж–Үз« иө„и®Ҝ\",\"type\":\"shop\"}},{\"image\":\"/resource/image/tenantapi/default/banner002.png\",\"name\":\"\",\"link\":{\"path\":\"/pages/collection/collection\",\"name\":\"жҲ‘зҡ„ж”¶и—Ҹ\",\"type\":\"shop\"}},{\"image\":\"/resource/image/tenantapi/default/banner001.png\",\"name\":\"\",\"link\":{}}]},\"styles\":{\"position\":\"absolute\",\"left\":\"40\",\"top\":\"75px\",\"width\":\"750px\",\"height\":\"340px\"}}]',
        '', 1661757188, 1710990175);
INSERT INTO `la_decorate_page`
VALUES (5, 0, 5, 'зі»з»ҹйЈҺж ј',
        '{\"themeColorId\":3,\"topTextColor\":\"white\",\"navigationBarColor\":\"#A74BFD\",\"themeColor1\":\"#A74BFD\",\"themeColor2\":\"#CB60FF\",\"buttonColor\":\"white\"}',
        '', 1710410915, 1710990415);
COMMIT;

-- ----------------------------
-- Table structure for la_decorate_tabbar
-- ----------------------------
DROP TABLE IF EXISTS `la_decorate_tabbar`;
CREATE TABLE `la_decorate_tabbar`
(
    `id`          int(10) UNSIGNED                                              NOT NULL AUTO_INCREMENT COMMENT 'дё»й”®',
    `tenant_id`   int(10)                                                       NOT NULL COMMENT 'з§ҹжҲ·ID',
    `name`        varchar(20) CHARACTER SET utf8mb4 COLLATE utf8mb4_general_ci  NOT NULL DEFAULT '' COMMENT 'еҜјиҲӘеҗҚз§°',
    `selected`    varchar(200) CHARACTER SET utf8mb4 COLLATE utf8mb4_general_ci NOT NULL DEFAULT '' COMMENT 'жңӘйҖүеӣҫж Ү',
    `unselected`  varchar(200) CHARACTER SET utf8mb4 COLLATE utf8mb4_general_ci NOT NULL DEFAULT '' COMMENT 'е·ІйҖүеӣҫж Ү',
    `link`        varchar(200) CHARACTER SET utf8mb4 COLLATE utf8mb4_general_ci NULL     DEFAULT NULL COMMENT 'й“ҫжҺҘең°еқҖ',
    `is_show`     tinyint(255) UNSIGNED                                         NOT NULL DEFAULT 1 COMMENT 'жҳҫзӨәзҠ¶жҖҒ',
    `create_time` int(10) UNSIGNED                                              NOT NULL DEFAULT 0 COMMENT 'еҲӣе»әж—¶й—ҙ',
    `update_time` int(10) UNSIGNED                                              NOT NULL DEFAULT 0 COMMENT 'жӣҙж–°ж—¶й—ҙ',
    PRIMARY KEY (`id`) USING BTREE
) ENGINE = InnoDB
  AUTO_INCREMENT = 4
  CHARACTER SET = utf8mb4
  COLLATE = utf8mb4_general_ci COMMENT = 'иЈ…дҝ®еә•йғЁеҜјиҲӘиЎЁ'
  ROW_FORMAT = Dynamic;

-- ----------------------------
-- Records of la_decorate_tabbar
-- ----------------------------
BEGIN;
INSERT INTO `la_decorate_tabbar`
VALUES (1, 0, 'йҰ–йЎө', 'resource/image/tenantapi/default/tabbar_home_sel.png',
        'resource/image/tenantapi/default/tabbar_home.png',
        '{\"path\":\"/pages/index/index\",\"name\":\"е•ҶеҹҺйҰ–йЎө\",\"type\":\"shop\"}', 1, 1662688157, 1662688157);
INSERT INTO `la_decorate_tabbar`
VALUES (2, 0, 'иө„и®Ҝ', 'resource/image/tenantapi/default/tabbar_text_sel.png',
        'resource/image/tenantapi/default/tabbar_text.png',
        '{\"path\":\"/pages/news/news\",\"name\":\"ж–Үз« иө„и®Ҝ\",\"type\":\"shop\",\"canTab\":\"1\"}', 1, 1662688157,
        1662688157);
INSERT INTO `la_decorate_tabbar`
VALUES (3, 0, 'жҲ‘зҡ„', 'resource/image/tenantapi/default/tabbar_me_sel.png',
        'resource/image/tenantapi/default/tabbar_me.png',
        '{\"path\":\"/pages/user/user\",\"name\":\"дёӘдәәдёӯеҝғ\",\"type\":\"shop\",\"canTab\":\"1\"}', 1, 1662688157,
        1662688157);
COMMIT;

-- ----------------------------
-- Table structure for la_dept
-- ----------------------------
DROP TABLE IF EXISTS `la_dept`;
CREATE TABLE `la_dept`
(
    `id`          int(11)                                                      NOT NULL AUTO_INCREMENT COMMENT 'id',
    `name`        varchar(30) CHARACTER SET utf8mb4 COLLATE utf8mb4_general_ci NOT NULL DEFAULT '' COMMENT 'йғЁй—ЁеҗҚз§°',
    `pid`         bigint(20)                                                   NOT NULL DEFAULT 0 COMMENT 'дёҠзә§йғЁй—Ёid',
    `sort`        int(11)                                                      NOT NULL DEFAULT 0 COMMENT 'жҺ’еәҸ',
    `leader`      varchar(64) CHARACTER SET utf8mb4 COLLATE utf8mb4_general_ci NULL     DEFAULT NULL COMMENT 'иҙҹиҙЈдәә',
    `mobile`      varchar(16) CHARACTER SET utf8mb4 COLLATE utf8mb4_general_ci NULL     DEFAULT NULL COMMENT 'иҒ”зі»з”өиҜқ',
    `status`      tinyint(1)                                                   NOT NULL DEFAULT 0 COMMENT 'йғЁй—ЁзҠ¶жҖҒпјҲ0еҒңз”Ё 1жӯЈеёёпјү',
    `create_time` int(10)                                                      NOT NULL COMMENT 'еҲӣе»әж—¶й—ҙ',
    `update_time` int(10)                                                      NULL     DEFAULT NULL COMMENT 'дҝ®ж”№ж—¶й—ҙ',
    `delete_time` int(10)                                                      NULL     DEFAULT NULL COMMENT 'еҲ йҷӨж—¶й—ҙ',
    PRIMARY KEY (`id`) USING BTREE
) ENGINE = InnoDB
  AUTO_INCREMENT = 2
  CHARACTER SET = utf8mb4
  COLLATE = utf8mb4_general_ci COMMENT = 'йғЁй—ЁиЎЁ'
  ROW_FORMAT = Dynamic;

-- ----------------------------
-- Records of la_dept
-- ----------------------------
BEGIN;
INSERT INTO `la_dept`
VALUES (1, 'е…¬еҸё', 0, 0, 'boss', '12345698745', 1, 1650592684, 1653640368, NULL);
COMMIT;

-- ----------------------------
-- Table structure for la_dev_crontab
-- ----------------------------
DROP TABLE IF EXISTS `la_dev_crontab`;
CREATE TABLE `la_dev_crontab`
(
    `id`          int(11)     NOT NULL AUTO_INCREMENT,
    `name`        varchar(32) NOT NULL COMMENT 'е®ҡж—¶д»»еҠЎеҗҚз§°',
    `type`        tinyint(1)  NOT NULL COMMENT 'зұ»еһӢ 1-е®ҡж—¶д»»еҠЎ',
    `system`      tinyint(4)           DEFAULT '0' COMMENT 'жҳҜеҗҰзі»з»ҹд»»еҠЎ 0-еҗҰ 1-жҳҜ',
    `remark`      varchar(255)         DEFAULT '' COMMENT 'еӨҮжіЁ',
    `command`     varchar(64) NOT NULL COMMENT 'е‘Ҫд»ӨеҶ…е®№',
    `params`      varchar(64)          DEFAULT '' COMMENT 'еҸӮж•°',
    `status`      tinyint(1)  NOT NULL DEFAULT '0' COMMENT 'зҠ¶жҖҒ 1-иҝҗиЎҢ 2-еҒңжӯў 3-й”ҷиҜҜ',
    `expression`  varchar(64) NOT NULL COMMENT 'иҝҗиЎҢи§„еҲҷ',
    `error`       varchar(256)         DEFAULT NULL COMMENT 'иҝҗиЎҢеӨұиҙҘеҺҹеӣ ',
    `last_time`   int(11)              DEFAULT NULL COMMENT 'жңҖеҗҺжү§иЎҢж—¶й—ҙ',
    `time`        varchar(64)          DEFAULT '0' COMMENT 'е®һж—¶жү§иЎҢж—¶й•ҝ',
    `max_time`    varchar(64)          DEFAULT '0' COMMENT 'жңҖеӨ§жү§иЎҢж—¶й•ҝ',
    `create_time` int(10)              DEFAULT NULL COMMENT 'еҲӣе»әж—¶й—ҙ',
    `update_time` int(10)              DEFAULT NULL COMMENT 'жӣҙж–°ж—¶й—ҙ',
    `delete_time` int(10)              DEFAULT NULL COMMENT 'еҲ йҷӨж—¶й—ҙ',
    PRIMARY KEY (`id`) USING BTREE
) ENGINE = InnoDB
  DEFAULT CHARSET = utf8mb4 COMMENT ='и®ЎеҲ’д»»еҠЎиЎЁ';

-- ----------------------------
-- Table structure for la_dict_data
-- ----------------------------
DROP TABLE IF EXISTS `la_dict_data`;
CREATE TABLE `la_dict_data`
(
    `id`          int(11)                                                       NOT NULL AUTO_INCREMENT COMMENT 'id',
    `name`        varchar(255) CHARACTER SET utf8mb4 COLLATE utf8mb4_general_ci NOT NULL COMMENT 'ж•°жҚ®еҗҚз§°',
    `value`       varchar(255) CHARACTER SET utf8mb4 COLLATE utf8mb4_general_ci NOT NULL COMMENT 'ж•°жҚ®еҖј',
    `type_id`     int(11)                                                       NOT NULL COMMENT 'еӯ—е…ёзұ»еһӢid',
    `type_value`  varchar(255) CHARACTER SET utf8mb4 COLLATE utf8mb4_general_ci NOT NULL COMMENT 'еӯ—е…ёзұ»еһӢ',
    `sort`        int(10)                                                       NULL     DEFAULT 0 COMMENT 'жҺ’еәҸеҖј',
    `status`      tinyint(1)                                                    NOT NULL DEFAULT 0 COMMENT 'зҠ¶жҖҒ 0-еҒңз”Ё 1-жӯЈеёё',
    `remark`      varchar(255) CHARACTER SET utf8mb4 COLLATE utf8mb4_general_ci NULL     DEFAULT '' COMMENT 'еӨҮжіЁ',
    `create_time` int(10)                                                       NOT NULL COMMENT 'еҲӣе»әж—¶й—ҙ',
    `update_time` int(10)                                                       NULL     DEFAULT NULL COMMENT 'дҝ®ж”№ж—¶й—ҙ',
    `delete_time` int(10)                                                       NULL     DEFAULT NULL COMMENT 'еҲ йҷӨж—¶й—ҙ',
    PRIMARY KEY (`id`) USING BTREE
) ENGINE = InnoDB
  AUTO_INCREMENT = 14
  CHARACTER SET = utf8mb4
  COLLATE = utf8mb4_general_ci COMMENT = 'еӯ—е…ёж•°жҚ®иЎЁ'
  ROW_FORMAT = Dynamic;

-- ----------------------------
-- Records of la_dict_data
-- ----------------------------
BEGIN;
INSERT INTO `la_dict_data`
VALUES (1, 'йҡҗи—Ҹ', '0', 1, 'show_status', 0, 1, '', 1656381543, 1656381543, NULL);
INSERT INTO `la_dict_data`
VALUES (2, 'жҳҫзӨә', '1', 1, 'show_status', 0, 1, '', 1656381550, 1656381550, NULL);
INSERT INTO `la_dict_data`
VALUES (3, 'иҝӣиЎҢдёӯ', '0', 2, 'business_status', 0, 1, '', 1656381410, 1656381410, NULL);
INSERT INTO `la_dict_data`
VALUES (4, 'жҲҗеҠҹ', '1', 2, 'business_status', 0, 1, '', 1656381437, 1656381437, NULL);
INSERT INTO `la_dict_data`
VALUES (5, 'еӨұиҙҘ', '2', 2, 'business_status', 0, 1, '', 1656381449, 1656381449, NULL);
INSERT INTO `la_dict_data`
VALUES (6, 'еҫ…еӨ„зҗҶ', '0', 3, 'event_status', 0, 1, '', 1656381212, 1656381212, NULL);
INSERT INTO `la_dict_data`
VALUES (7, 'е·ІеӨ„зҗҶ', '1', 3, 'event_status', 0, 1, '', 1656381315, 1656381315, NULL);
INSERT INTO `la_dict_data`
VALUES (8, 'жӢ’з»қеӨ„зҗҶ', '2', 3, 'event_status', 0, 1, '', 1656381331, 1656381331, NULL);
INSERT INTO `la_dict_data`
VALUES (9, 'зҰҒз”Ё', '1', 4, 'system_disable', 0, 1, '', 1656312030, 1656312030, NULL);
INSERT INTO `la_dict_data`
VALUES (10, 'жӯЈеёё', '0', 4, 'system_disable', 0, 1, '', 1656312040, 1656312040, NULL);
INSERT INTO `la_dict_data`
VALUES (11, 'жңӘзҹҘ', '0', 5, 'sex', 0, 1, '', 1656062988, 1656062988, NULL);
INSERT INTO `la_dict_data`
VALUES (12, 'з”·', '1', 5, 'sex', 0, 1, '', 1656062999, 1656062999, NULL);
INSERT INTO `la_dict_data`
VALUES (13, 'еҘі', '2', 5, 'sex', 0, 1, '', 1656063009, 1656063009, NULL);
COMMIT;

-- ----------------------------
-- Table structure for la_dict_type
-- ----------------------------
DROP TABLE IF EXISTS `la_dict_type`;
CREATE TABLE `la_dict_type`
(
    `id`          int(11)                                                       NOT NULL AUTO_INCREMENT COMMENT 'id',
    `name`        varchar(255) CHARACTER SET utf8mb4 COLLATE utf8mb4_general_ci NOT NULL DEFAULT '' COMMENT 'еӯ—е…ёеҗҚз§°',
    `type`        varchar(255) CHARACTER SET utf8mb4 COLLATE utf8mb4_general_ci NOT NULL DEFAULT '' COMMENT 'еӯ—е…ёзұ»еһӢеҗҚз§°',
    `status`      tinyint(1)                                                    NOT NULL DEFAULT 0 COMMENT 'зҠ¶жҖҒ 0-еҒңз”Ё 1-жӯЈеёё',
    `remark`      varchar(255) CHARACTER SET utf8mb4 COLLATE utf8mb4_general_ci NULL     DEFAULT '' COMMENT 'еӨҮжіЁ',
    `create_time` int(10)                                                       NOT NULL COMMENT 'еҲӣе»әж—¶й—ҙ',
    `update_time` int(10)                                                       NULL     DEFAULT NULL COMMENT 'дҝ®ж”№ж—¶й—ҙ',
    `delete_time` int(10)                                                       NULL     DEFAULT NULL COMMENT 'еҲ йҷӨж—¶й—ҙ',
    PRIMARY KEY (`id`) USING BTREE
) ENGINE = InnoDB
  AUTO_INCREMENT = 6
  CHARACTER SET = utf8mb4
  COLLATE = utf8mb4_general_ci COMMENT = 'еӯ—е…ёзұ»еһӢиЎЁ'
  ROW_FORMAT = Dynamic;

-- ----------------------------
-- Records of la_dict_type
-- ----------------------------
BEGIN;
INSERT INTO `la_dict_type`
VALUES (1, 'жҳҫзӨәзҠ¶жҖҒ', 'show_status', 1, '', 1656381520, 1656381520, NULL);
INSERT INTO `la_dict_type`
VALUES (2, 'дёҡеҠЎзҠ¶жҖҒ', 'business_status', 1, '', 1656381393, 1656381393, NULL);
INSERT INTO `la_dict_type`
VALUES (3, 'дәӢд»¶зҠ¶жҖҒ', 'event_status', 1, '', 1656381075, 1656381075, NULL);
INSERT INTO `la_dict_type`
VALUES (4, 'зҰҒз”ЁзҠ¶жҖҒ', 'system_disable', 1, '', 1656311838, 1656311838, NULL);
INSERT INTO `la_dict_type`
VALUES (5, 'з”ЁжҲ·жҖ§еҲ«', 'sex', 1, '', 1656062946, 1656380925, NULL);
COMMIT;

-- ----------------------------
-- Table structure for la_file
-- ----------------------------
DROP TABLE IF EXISTS `la_file`;
CREATE TABLE `la_file`
(
    `id`          int(10) UNSIGNED                                              NOT NULL AUTO_INCREMENT COMMENT 'дё»й”®ID',
    `cid`         int(10) UNSIGNED                                              NOT NULL DEFAULT 0 COMMENT 'зұ»зӣ®ID',
    `source_id`   int(11) UNSIGNED                                              NOT NULL DEFAULT 0 COMMENT 'дёҠдј иҖ…id',
    `source`      tinyint(1)                                                    NOT NULL DEFAULT 0 COMMENT 'жқҘжәҗзұ»еһӢ[0-еҗҺеҸ°,1-з”ЁжҲ·]',
    `type`        tinyint(2) UNSIGNED                                           NOT NULL DEFAULT 10 COMMENT 'зұ»еһӢ[10=еӣҫзүҮ, 20=и§Ҷйў‘]',
    `name`        varchar(255) CHARACTER SET utf8mb4 COLLATE utf8mb4_general_ci NOT NULL DEFAULT '' COMMENT 'ж–Үд»¶еҗҚз§°',
    `uri`         varchar(200) CHARACTER SET utf8mb4 COLLATE utf8mb4_general_ci NOT NULL COMMENT 'ж–Үд»¶и·Ҝеҫ„',
    `create_time` int(10) UNSIGNED                                              NULL     DEFAULT NULL COMMENT 'еҲӣе»әж—¶й—ҙ',
    `update_time` int(10)                                                       NULL     DEFAULT NULL COMMENT 'жӣҙж–°ж—¶й—ҙ',
    `delete_time` int(10)                                                       NULL     DEFAULT NULL COMMENT 'еҲ йҷӨж—¶й—ҙ',
    PRIMARY KEY (`id`) USING BTREE
) ENGINE = InnoDB
  AUTO_INCREMENT = 1
  CHARACTER SET = utf8mb4
  COLLATE = utf8mb4_general_ci COMMENT = 'ж–Үд»¶иЎЁ'
  ROW_FORMAT = Dynamic;

-- ----------------------------
-- Table structure for la_file_cate
-- ----------------------------
DROP TABLE IF EXISTS `la_file_cate`;
CREATE TABLE `la_file_cate`
(
    `id`          int(10) UNSIGNED                                             NOT NULL AUTO_INCREMENT COMMENT 'дё»й”®ID',
    `pid`         int(10) UNSIGNED                                             NOT NULL DEFAULT 0 COMMENT 'зҲ¶зә§ID',
    `type`        tinyint(2) UNSIGNED                                          NOT NULL DEFAULT 10 COMMENT 'зұ»еһӢ[10=еӣҫзүҮпјҢ20=и§Ҷйў‘пјҢ30=ж–Үд»¶]',
    `name`        varchar(32) CHARACTER SET utf8mb4 COLLATE utf8mb4_general_ci NOT NULL DEFAULT '' COMMENT 'еҲҶзұ»еҗҚз§°',
    `create_time` int(10) UNSIGNED                                             NULL     DEFAULT NULL COMMENT 'еҲӣе»әж—¶й—ҙ',
    `update_time` int(10) UNSIGNED                                             NULL     DEFAULT NULL COMMENT 'жӣҙж–°ж—¶й—ҙ',
    `delete_time` int(10) UNSIGNED                                             NULL     DEFAULT NULL COMMENT 'еҲ йҷӨж—¶й—ҙ',
    PRIMARY KEY (`id`) USING BTREE
) ENGINE = InnoDB
  AUTO_INCREMENT = 1
  CHARACTER SET = utf8mb4
  COLLATE = utf8mb4_general_ci COMMENT = 'ж–Үд»¶еҲҶзұ»иЎЁ'
  ROW_FORMAT = Dynamic;

-- ----------------------------
-- Table structure for la_generate_column
-- ----------------------------
DROP TABLE IF EXISTS `la_generate_column`;
CREATE TABLE `la_generate_column`
(
    `id`             int(11)                                                       NOT NULL AUTO_INCREMENT COMMENT 'id',
    `table_id`       int(11)                                                       NOT NULL DEFAULT 0 COMMENT 'иЎЁid',
    `column_name`    varchar(100) CHARACTER SET utf8mb4 COLLATE utf8mb4_general_ci NOT NULL DEFAULT '' COMMENT 'еӯ—ж®өеҗҚз§°',
    `column_comment` varchar(300) CHARACTER SET utf8mb4 COLLATE utf8mb4_general_ci NOT NULL DEFAULT '' COMMENT 'еӯ—ж®өжҸҸиҝ°',
    `column_type`    varchar(100) CHARACTER SET utf8mb4 COLLATE utf8mb4_general_ci NOT NULL DEFAULT '' COMMENT 'еӯ—ж®өзұ»еһӢ',
    `is_required`    tinyint(1)                                                    NULL     DEFAULT 0 COMMENT 'жҳҜеҗҰеҝ…еЎ« 0-йқһеҝ…еЎ« 1-еҝ…еЎ«',
    `is_pk`          tinyint(1)                                                    NULL     DEFAULT 0 COMMENT 'жҳҜеҗҰдёәдё»й”® 0-дёҚжҳҜ 1-жҳҜ',
    `is_insert`      tinyint(1)                                                    NULL     DEFAULT 0 COMMENT 'жҳҜеҗҰдёәжҸ’е…Ҙеӯ—ж®ө 0-дёҚжҳҜ 1-жҳҜ',
    `is_update`      tinyint(1)                                                    NULL     DEFAULT 0 COMMENT 'жҳҜеҗҰдёәжӣҙж–°еӯ—ж®ө 0-дёҚжҳҜ 1-жҳҜ',
    `is_lists`       tinyint(1)                                                    NULL     DEFAULT 0 COMMENT 'жҳҜеҗҰдёәеҲ—иЎЁеӯ—ж®ө 0-дёҚжҳҜ 1-жҳҜ',
    `is_query`       tinyint(1)                                                    NULL     DEFAULT 0 COMMENT 'жҳҜеҗҰдёәжҹҘиҜўеӯ—ж®ө 0-дёҚжҳҜ 1-жҳҜ',
    `query_type`     varchar(100) CHARACTER SET utf8mb4 COLLATE utf8mb4_general_ci NULL     DEFAULT '=' COMMENT 'жҹҘиҜўзұ»еһӢ',
    `view_type`      varchar(100) CHARACTER SET utf8mb4 COLLATE utf8mb4_general_ci NULL     DEFAULT 'input' COMMENT 'жҳҫзӨәзұ»еһӢ',
    `dict_type`      varchar(255) CHARACTER SET utf8mb4 COLLATE utf8mb4_general_ci NULL     DEFAULT '' COMMENT 'еӯ—е…ёзұ»еһӢ',
    `create_time`    int(10)                                                       NOT NULL COMMENT 'еҲӣе»әж—¶й—ҙ',
    `update_time`    int(10)                                                       NULL     DEFAULT NULL COMMENT 'дҝ®ж”№ж—¶й—ҙ',
    PRIMARY KEY (`id`) USING BTREE
) ENGINE = InnoDB
  AUTO_INCREMENT = 1
  CHARACTER SET = utf8mb4
  COLLATE = utf8mb4_general_ci COMMENT = 'д»Јз Ғз”ҹжҲҗиЎЁеӯ—ж®өдҝЎжҒҜиЎЁ'
  ROW_FORMAT = Dynamic;

-- ----------------------------
-- Table structure for la_generate_table
-- ----------------------------
DROP TABLE IF EXISTS `la_generate_table`;
CREATE TABLE `la_generate_table`
(
    `id`            int(11)                                                       NOT NULL AUTO_INCREMENT COMMENT 'id',
    `table_name`    varchar(200) CHARACTER SET utf8mb4 COLLATE utf8mb4_general_ci NOT NULL DEFAULT '' COMMENT 'иЎЁеҗҚз§°',
    `table_comment` varchar(300) CHARACTER SET utf8mb4 COLLATE utf8mb4_general_ci NOT NULL DEFAULT '' COMMENT 'иЎЁжҸҸиҝ°',
    `template_type` tinyint(1)                                                    NOT NULL DEFAULT 0 COMMENT 'жЁЎжқҝзұ»еһӢ 0-еҚ•иЎЁ(curd) 1-ж ‘иЎЁ(curd)',
    `author`        varchar(100) CHARACTER SET utf8mb4 COLLATE utf8mb4_general_ci NULL     DEFAULT '' COMMENT 'дҪңиҖ…',
    `remark`        varchar(255) CHARACTER SET utf8mb4 COLLATE utf8mb4_general_ci NULL     DEFAULT '' COMMENT 'еӨҮжіЁ',
    `generate_type` tinyint(1)                                                    NOT NULL DEFAULT 0 COMMENT 'з”ҹжҲҗж–№ејҸ  0-еҺӢзј©еҢ…дёӢиҪҪ 1-з”ҹжҲҗеҲ°жЁЎеқ—',
    `module_name`   varchar(100) CHARACTER SET utf8mb4 COLLATE utf8mb4_general_ci NULL     DEFAULT '' COMMENT 'жЁЎеқ—еҗҚ',
    `class_dir`     varchar(100) CHARACTER SET utf8mb4 COLLATE utf8mb4_general_ci NULL     DEFAULT '' COMMENT 'зұ»зӣ®еҪ•еҗҚ',
    `class_comment` varchar(100) CHARACTER SET utf8mb4 COLLATE utf8mb4_general_ci NULL     DEFAULT '' COMMENT 'зұ»жҸҸиҝ°',
    `admin_id`      int(11)                                                       NULL     DEFAULT 0 COMMENT 'з®ЎзҗҶе‘ҳid',
    `menu`          text CHARACTER SET utf8mb4 COLLATE utf8mb4_general_ci         NULL COMMENT 'иҸңеҚ•й…ҚзҪ®',
    `delete`        text CHARACTER SET utf8mb4 COLLATE utf8mb4_general_ci         NULL COMMENT 'еҲ йҷӨй…ҚзҪ®',
    `tree`          text CHARACTER SET utf8mb4 COLLATE utf8mb4_general_ci         NULL COMMENT 'ж ‘иЎЁй…ҚзҪ®',
    `relations`     text CHARACTER SET utf8mb4 COLLATE utf8mb4_general_ci         NULL COMMENT 'е…іиҒ”й…ҚзҪ®',
    `create_time`   int(10)                                                       NOT NULL COMMENT 'еҲӣе»әж—¶й—ҙ',
    `update_time`   int(10)                                                       NULL     DEFAULT NULL COMMENT 'дҝ®ж”№ж—¶й—ҙ',
    PRIMARY KEY (`id`) USING BTREE
) ENGINE = InnoDB
  AUTO_INCREMENT = 1
  CHARACTER SET = utf8mb4
  COLLATE = utf8mb4_general_ci COMMENT = 'д»Јз Ғз”ҹжҲҗиЎЁдҝЎжҒҜиЎЁ'
  ROW_FORMAT = Dynamic;

-- ----------------------------
-- Table structure for la_hot_search
-- ----------------------------
DROP TABLE IF EXISTS `la_hot_search`;
CREATE TABLE `la_hot_search`
(
    `id`          int(10) UNSIGNED                                              NOT NULL AUTO_INCREMENT COMMENT 'дё»й”®',
    `tenant_id`  int(11)                                                       NOT NULL COMMENT 'з§ҹжҲ·ID',
    `name`        varchar(200) CHARACTER SET utf8mb4 COLLATE utf8mb4_general_ci NOT NULL DEFAULT '' COMMENT 'е…ій”®иҜҚ',
    `sort`        smallint(5) UNSIGNED                                          NOT NULL DEFAULT 0 COMMENT 'жҺ’еәҸеҸ·',
    `create_time` int(10)                                                       NULL     DEFAULT NULL COMMENT 'еҲӣе»әж—¶й—ҙ',
    PRIMARY KEY (`id`) USING BTREE
) ENGINE = InnoDB
  AUTO_INCREMENT = 1
  CHARACTER SET = utf8mb4
  COLLATE = utf8mb4_general_ci COMMENT = 'зғӯй—ЁжҗңзҙўиЎЁ'
  ROW_FORMAT = Dynamic;

-- ----------------------------
-- Table structure for la_jobs
-- ----------------------------
DROP TABLE IF EXISTS `la_jobs`;
CREATE TABLE `la_jobs`
(
    `id`          int(11)                                                       NOT NULL AUTO_INCREMENT COMMENT 'id',
    `name`        varchar(50) CHARACTER SET utf8mb4 COLLATE utf8mb4_general_ci  NOT NULL COMMENT 'еІ—дҪҚеҗҚз§°',
    `code`        varchar(64) CHARACTER SET utf8mb4 COLLATE utf8mb4_general_ci  NOT NULL COMMENT 'еІ—дҪҚзј–з Ғ',
    `sort`        int(11)                                                       NULL     DEFAULT 0 COMMENT 'жҳҫзӨәйЎәеәҸ',
    `status`      tinyint(1)                                                    NOT NULL DEFAULT 0 COMMENT 'зҠ¶жҖҒпјҲ0еҒңз”Ё 1жӯЈеёёпјү',
    `remark`      varchar(500) CHARACTER SET utf8mb4 COLLATE utf8mb4_general_ci NULL     DEFAULT NULL COMMENT 'еӨҮжіЁ',
    `create_time` int(10)                                                       NOT NULL COMMENT 'еҲӣе»әж—¶й—ҙ',
    `update_time` int(10)                                                       NULL     DEFAULT NULL COMMENT 'дҝ®ж”№ж—¶й—ҙ',
    `delete_time` int(10)                                                       NULL     DEFAULT NULL COMMENT 'еҲ йҷӨж—¶й—ҙ',
    PRIMARY KEY (`id`) USING BTREE
) ENGINE = InnoDB
  AUTO_INCREMENT = 1
  CHARACTER SET = utf8mb4
  COLLATE = utf8mb4_general_ci COMMENT = 'еІ—дҪҚиЎЁ'
  ROW_FORMAT = Dynamic;

-- ----------------------------
-- Table structure for la_notice_record
-- ----------------------------
DROP TABLE IF EXISTS `la_notice_record`;
CREATE TABLE `la_notice_record`
(
    `id`          int(10) UNSIGNED                                              NOT NULL AUTO_INCREMENT COMMENT 'ID',
    `user_id`     int(10) UNSIGNED                                              NOT NULL COMMENT 'з”ЁжҲ·id',
    `title`       varchar(50) CHARACTER SET utf8mb4 COLLATE utf8mb4_general_ci  NOT NULL DEFAULT '' COMMENT 'ж Үйўҳ',
    `content`     text CHARACTER SET utf8mb4 COLLATE utf8mb4_general_ci         NOT NULL COMMENT 'еҶ…е®№',
    `scene_id`    int(10) UNSIGNED                                              NULL     DEFAULT 0 COMMENT 'еңәжҷҜ',
    `read`        tinyint(1)                                                    NULL     DEFAULT 0 COMMENT 'е·ІиҜ»зҠ¶жҖҒ;0-жңӘиҜ»,1-е·ІиҜ»',
    `recipient`   tinyint(1)                                                    NULL     DEFAULT 0 COMMENT 'йҖҡзҹҘжҺҘж”¶еҜ№иұЎзұ»еһӢ;1-дјҡе‘ҳ;2-е•Ҷе®¶;3-е№іеҸ°;4-жёёе®ў(жңӘжіЁеҶҢз”ЁжҲ·)',
    `send_type`   tinyint(1)                                                    NULL     DEFAULT 0 COMMENT 'йҖҡзҹҘеҸ‘йҖҒзұ»еһӢ 1-зі»з»ҹйҖҡзҹҘ 2-зҹӯдҝЎйҖҡзҹҘ 3-еҫ®дҝЎжЁЎжқҝ 4-еҫ®дҝЎе°ҸзЁӢеәҸ',
    `notice_type` tinyint(1)                                                    NULL     DEFAULT NULL COMMENT 'йҖҡзҹҘзұ»еһӢ 1-дёҡеҠЎйҖҡзҹҘ 2-йӘҢиҜҒз Ғ',
    `extra`       varchar(255) CHARACTER SET utf8mb4 COLLATE utf8mb4_general_ci NULL     DEFAULT '' COMMENT 'е…¶д»–',
    `create_time` int(10)                                                       NULL     DEFAULT NULL COMMENT 'еҲӣе»әж—¶й—ҙ',
    `update_time` int(10)                                                       NULL     DEFAULT NULL COMMENT 'жӣҙж–°ж—¶й—ҙ',
    `delete_time` int(10)                                                       NULL     DEFAULT NULL COMMENT 'еҲ йҷӨж—¶й—ҙ',
    PRIMARY KEY (`id`) USING BTREE
) ENGINE = InnoDB
  AUTO_INCREMENT = 1
  CHARACTER SET = utf8mb4
  COLLATE = utf8mb4_general_ci COMMENT = 'йҖҡзҹҘи®°еҪ•иЎЁ'
  ROW_FORMAT = Dynamic;

-- ----------------------------
-- Table structure for la_notice_setting
-- ----------------------------
DROP TABLE IF EXISTS `la_notice_setting`;
CREATE TABLE `la_notice_setting`
(
    `id`            int(11)                                                       NOT NULL AUTO_INCREMENT,
    `scene_id`      int(10)                                                       NOT NULL COMMENT 'еңәжҷҜid',
    `scene_name`    varchar(255) CHARACTER SET utf8mb4 COLLATE utf8mb4_general_ci NOT NULL DEFAULT '' COMMENT 'еңәжҷҜеҗҚз§°',
    `scene_desc`    varchar(255) CHARACTER SET utf8mb4 COLLATE utf8mb4_general_ci NOT NULL DEFAULT '' COMMENT 'еңәжҷҜжҸҸиҝ°',
    `recipient`     tinyint(1)                                                    NOT NULL DEFAULT 1 COMMENT 'жҺҘж”¶иҖ… 1-з”ЁжҲ· 2-е№іеҸ°',
    `type`          tinyint(1)                                                    NOT NULL DEFAULT 1 COMMENT 'йҖҡзҹҘзұ»еһӢ: 1-дёҡеҠЎйҖҡзҹҘ 2-йӘҢиҜҒз Ғ',
    `system_notice` text CHARACTER SET utf8mb4 COLLATE utf8mb4_general_ci         NULL COMMENT 'зі»з»ҹйҖҡзҹҘи®ҫзҪ®',
    `sms_notice`    text CHARACTER SET utf8mb4 COLLATE utf8mb4_general_ci         NULL COMMENT 'зҹӯдҝЎйҖҡзҹҘи®ҫзҪ®',
    `oa_notice`     text CHARACTER SET utf8mb4 COLLATE utf8mb4_general_ci         NULL COMMENT 'е…¬дј—еҸ·йҖҡзҹҘи®ҫзҪ®',
    `mnp_notice`    text CHARACTER SET utf8mb4 COLLATE utf8mb4_general_ci         NULL COMMENT 'е°ҸзЁӢеәҸйҖҡзҹҘи®ҫзҪ®',
    `support`       char(10) CHARACTER SET utf8mb4 COLLATE utf8mb4_general_ci     NOT NULL DEFAULT '' COMMENT 'ж”ҜжҢҒзҡ„еҸ‘йҖҒзұ»еһӢ 1-зі»з»ҹйҖҡзҹҘ 2-зҹӯдҝЎйҖҡзҹҘ 3-еҫ®дҝЎжЁЎжқҝж¶ҲжҒҜ 4-е°ҸзЁӢеәҸжҸҗйҶ’',
    `update_time`   int(10)                                                       NULL     DEFAULT NULL COMMENT 'жӣҙж–°ж—¶й—ҙ',
    PRIMARY KEY (`id`) USING BTREE
) ENGINE = InnoDB
  AUTO_INCREMENT = 5
  CHARACTER SET = utf8mb4
  COLLATE = utf8mb4_general_ci COMMENT = 'йҖҡзҹҘи®ҫзҪ®иЎЁ'
  ROW_FORMAT = Dynamic;

-- ----------------------------
-- Records of la_notice_setting
-- ----------------------------
BEGIN;
INSERT INTO `la_notice_setting`
VALUES (1, 101, 'зҷ»еҪ•йӘҢиҜҒз Ғ', 'з”ЁжҲ·жүӢжңәеҸ·з Ғзҷ»еҪ•ж—¶еҸ‘йҖҒ', 1, 2,
        '{\"type\":\"system\",\"title\":\"\",\"content\":\"\",\"status\":\"0\",\"is_show\":\"\",\"tips\":[\"еҸҜйҖүеҸҳйҮҸ йӘҢиҜҒз Ғ:code\"]}',
        '{\"type\":\"sms\",\"template_id\":\"SMS_123456\",\"content\":\"жӮЁжӯЈеңЁзҷ»еҪ•пјҢйӘҢиҜҒз Ғ${code}пјҢеҲҮеӢҝе°ҶйӘҢиҜҒз Ғжі„йңІдәҺд»–дәәпјҢжң¬жқЎйӘҢиҜҒз Ғжңүж•Ҳжңҹ5еҲҶй’ҹгҖӮ\",\"status\":\"1\",\"is_show\":\"1\"}',
        '{\"type\":\"oa\",\"template_id\":\"\",\"template_sn\":\"\",\"name\":\"\",\"first\":\"\",\"remark\":\"\",\"tpl\":[],\"status\":\"0\",\"is_show\":\"\",\"tips\":[\"еҸҜйҖүеҸҳйҮҸ йӘҢиҜҒз Ғ:code\",\"й…ҚзҪ®и·Ҝеҫ„пјҡе°ҸзЁӢеәҸеҗҺеҸ° > еҠҹиғҪ > и®ўйҳ…ж¶ҲжҒҜ\"]}',
        '{\"type\":\"mnp\",\"template_id\":\"\",\"template_sn\":\"\",\"name\":\"\",\"tpl\":[],\"status\":\"0\",\"is_show\":\"\",\"tips\":[\"еҸҜйҖүеҸҳйҮҸ йӘҢиҜҒз Ғ:code\",\"й…ҚзҪ®и·Ҝеҫ„пјҡе°ҸзЁӢеәҸеҗҺеҸ° > еҠҹиғҪ > и®ўйҳ…ж¶ҲжҒҜ\"]}',
        '2', NULL);
INSERT INTO `la_notice_setting`
VALUES (2, 102, 'з»‘е®ҡжүӢжңәйӘҢиҜҒз Ғ', 'з”ЁжҲ·з»‘е®ҡжүӢжңәеҸ·з Ғж—¶еҸ‘йҖҒ', 1, 2,
        '{\"type\":\"system\",\"title\":\"\",\"content\":\"\",\"status\":\"0\",\"is_show\":\"\"}',
        '{\"type\":\"sms\",\"template_id\":\"SMS_123456\",\"content\":\"жӮЁжӯЈеңЁз»‘е®ҡжүӢжңәеҸ·пјҢйӘҢиҜҒз Ғ${code}пјҢеҲҮеӢҝе°ҶйӘҢиҜҒз Ғжі„йңІдәҺд»–дәәпјҢжң¬жқЎйӘҢиҜҒз Ғжңүж•Ҳжңҹ5еҲҶй’ҹгҖӮ\",\"status\":\"1\",\"is_show\":\"1\"}',
        '{\"type\":\"oa\",\"template_id\":\"\",\"template_sn\":\"\",\"name\":\"\",\"first\":\"\",\"remark\":\"\",\"tpl\":[],\"status\":\"0\",\"is_show\":\"\"}',
        '{\"type\":\"mnp\",\"template_id\":\"\",\"template_sn\":\"\",\"name\":\"\",\"tpl\":[],\"status\":\"0\",\"is_show\":\"\"}',
        '2', NULL);
INSERT INTO `la_notice_setting`
VALUES (3, 103, 'еҸҳжӣҙжүӢжңәйӘҢиҜҒз Ғ', 'з”ЁжҲ·еҸҳжӣҙжүӢжңәеҸ·з Ғж—¶еҸ‘йҖҒ', 1, 2,
        '{\"type\":\"system\",\"title\":\"\",\"content\":\"\",\"status\":\"0\",\"is_show\":\"\",\"tips\":[\"еҸҜйҖүеҸҳйҮҸ йӘҢиҜҒз Ғ:code\"]}',
        '{\"type\":\"sms\",\"template_id\":\"SMS_123456\",\"content\":\"жӮЁжӯЈеңЁеҸҳжӣҙжүӢжңәеҸ·пјҢйӘҢиҜҒз Ғ${code}пјҢеҲҮеӢҝе°ҶйӘҢиҜҒз Ғжі„йңІдәҺд»–дәәпјҢжң¬жқЎйӘҢиҜҒз Ғжңүж•Ҳжңҹ5еҲҶй’ҹгҖӮ\",\"status\":\"1\",\"is_show\":\"1\"}',
        '{\"type\":\"oa\",\"template_id\":\"\",\"template_sn\":\"\",\"name\":\"\",\"first\":\"\",\"remark\":\"\",\"tpl\":[],\"status\":\"0\",\"is_show\":\"\",\"tips\":[\"еҸҜйҖүеҸҳйҮҸ йӘҢиҜҒз Ғ:code\",\"й…ҚзҪ®и·Ҝеҫ„пјҡе°ҸзЁӢеәҸеҗҺеҸ° > еҠҹиғҪ > и®ўйҳ…ж¶ҲжҒҜ\"]}',
        '{\"type\":\"mnp\",\"template_id\":\"\",\"template_sn\":\"\",\"name\":\"\",\"tpl\":[],\"status\":\"0\",\"is_show\":\"\",\"tips\":[\"еҸҜйҖүеҸҳйҮҸ йӘҢиҜҒз Ғ:code\",\"й…ҚзҪ®и·Ҝеҫ„пјҡе°ҸзЁӢеәҸеҗҺеҸ° > еҠҹиғҪ > и®ўйҳ…ж¶ҲжҒҜ\"]}',
        '2', NULL);
INSERT INTO `la_notice_setting`
VALUES (4, 104, 'жүҫеӣһзҷ»еҪ•еҜҶз ҒйӘҢиҜҒз Ғ', 'з”ЁжҲ·жүҫеӣһзҷ»еҪ•еҜҶз ҒеҸ·з Ғж—¶еҸ‘йҖҒ', 1, 2,
        '{\"type\":\"system\",\"title\":\"\",\"content\":\"\",\"status\":\"0\",\"is_show\":\"\",\"tips\":[\"еҸҜйҖүеҸҳйҮҸ йӘҢиҜҒз Ғ:code\"]}',
        '{\"type\":\"sms\",\"template_id\":\"SMS_123456\",\"content\":\"жӮЁжӯЈеңЁжүҫеӣһзҷ»еҪ•еҜҶз ҒпјҢйӘҢиҜҒз Ғ${code}пјҢеҲҮеӢҝе°ҶйӘҢиҜҒз Ғжі„йңІдәҺд»–дәәпјҢжң¬жқЎйӘҢиҜҒз Ғжңүж•Ҳжңҹ5еҲҶй’ҹгҖӮ\",\"status\":\"0\",\"is_show\":\"1\",\"tips\":[\"еҸҜйҖүеҸҳйҮҸ йӘҢиҜҒз Ғ:code\",\"зӨәдҫӢпјҡжӮЁжӯЈеңЁжүҫеӣһзҷ»еҪ•еҜҶз ҒпјҢйӘҢиҜҒз Ғ${code}пјҢеҲҮеӢҝе°ҶйӘҢиҜҒз Ғжі„йңІдәҺд»–дәәпјҢжң¬жқЎйӘҢиҜҒз Ғжңүж•Ҳжңҹ5еҲҶй’ҹгҖӮ\",\"з”ҹж•ҲжқЎд»¶пјҡ1гҖҒз®ЎзҗҶеҗҺеҸ°е®ҢжҲҗзҹӯдҝЎи®ҫзҪ®гҖӮ 2гҖҒз¬¬дёүж–№зҹӯдҝЎе№іеҸ°з”іиҜ·жЁЎжқҝгҖӮ\"]}',
        '{\"type\":\"oa\",\"template_id\":\"\",\"template_sn\":\"\",\"name\":\"\",\"first\":\"\",\"remark\":\"\",\"tpl\":[],\"status\":\"0\",\"is_show\":\"\",\"tips\":[\"еҸҜйҖүеҸҳйҮҸ йӘҢиҜҒз Ғ:code\",\"й…ҚзҪ®и·Ҝеҫ„пјҡе°ҸзЁӢеәҸеҗҺеҸ° > еҠҹиғҪ > и®ўйҳ…ж¶ҲжҒҜ\"]}',
        '{\"type\":\"mnp\",\"template_id\":\"\",\"template_sn\":\"\",\"name\":\"\",\"tpl\":[],\"status\":\"0\",\"is_show\":\"\",\"tips\":[\"еҸҜйҖүеҸҳйҮҸ йӘҢиҜҒз Ғ:code\",\"й…ҚзҪ®и·Ҝеҫ„пјҡе°ҸзЁӢеәҸеҗҺеҸ° > еҠҹиғҪ > и®ўйҳ…ж¶ҲжҒҜ\"]}',
        '2', NULL);
COMMIT;

-- ----------------------------
-- Table structure for la_official_account_reply
-- ----------------------------
DROP TABLE IF EXISTS `la_official_account_reply`;
CREATE TABLE `la_official_account_reply`
(
    `id`            int(11) UNSIGNED                                             NOT NULL AUTO_INCREMENT,
    `tenant_id`     int(11)                                                      NOT NULL COMMENT 'з§ҹжҲ·ID',
    `name`          varchar(64) CHARACTER SET utf8mb4 COLLATE utf8mb4_general_ci NOT NULL DEFAULT '' COMMENT 'и§„еҲҷеҗҚз§°',
    `keyword`       varchar(64) CHARACTER SET utf8mb4 COLLATE utf8mb4_general_ci NOT NULL DEFAULT '' COMMENT 'е…ій”®иҜҚ',
    `reply_type`    tinyint(1)                                                   NOT NULL COMMENT 'еӣһеӨҚзұ»еһӢ 1-е…іжіЁеӣһеӨҚ 2-е…ій”®еӯ—еӣһеӨҚ 3-й»ҳи®ӨеӣһеӨҚ',
    `matching_type` tinyint(1) UNSIGNED                                          NOT NULL DEFAULT 1 COMMENT 'еҢ№й…Қж–№ејҸпјҡ1-е…ЁеҢ№й…Қпјӣ2-жЁЎзіҠеҢ№й…Қ',
    `content_type`  tinyint(1) UNSIGNED                                          NOT NULL DEFAULT 1 COMMENT 'еҶ…е®№зұ»еһӢпјҡ1-ж–Үжң¬',
    `content`       text CHARACTER SET utf8mb4 COLLATE utf8mb4_general_ci        NOT NULL COMMENT 'еӣһеӨҚеҶ…е®№',
    `status`        tinyint(1) UNSIGNED                                          NOT NULL DEFAULT 0 COMMENT 'еҗҜеҠЁзҠ¶жҖҒпјҡ1-еҗҜеҠЁпјӣ0-е…ій—ӯ',
    `sort`          int(11) UNSIGNED                                             NOT NULL DEFAULT 50 COMMENT 'жҺ’еәҸ',
    `create_time`   int(10)                                                      NULL     DEFAULT NULL COMMENT 'еҲӣе»әж—¶й—ҙ',
    `update_time`   int(10)                                                      NULL     DEFAULT NULL COMMENT 'жӣҙж–°ж—¶й—ҙ',
    `delete_time`   int(10)                                                      NULL     DEFAULT NULL COMMENT 'еҲ йҷӨж—¶й—ҙ',
    PRIMARY KEY (`id`) USING BTREE
) ENGINE = InnoDB
  AUTO_INCREMENT = 1
  CHARACTER SET = utf8mb4
  COLLATE = utf8mb4_general_ci COMMENT = 'е…¬дј—еҸ·ж¶ҲжҒҜеӣһи°ғиЎЁ'
  ROW_FORMAT = Dynamic;

-- ----------------------------
-- Table structure for la_operation_log
-- ----------------------------
DROP TABLE IF EXISTS `la_operation_log`;
CREATE TABLE `la_operation_log`
(
    `id`          int(11)                                                       NOT NULL AUTO_INCREMENT,
    `admin_id`    int(11)                                                       NOT NULL COMMENT 'з®ЎзҗҶе‘ҳID',
    `admin_name`  varchar(16) CHARACTER SET utf8mb4 COLLATE utf8mb4_general_ci  NOT NULL DEFAULT '' COMMENT 'з®ЎзҗҶе‘ҳеҗҚз§°',
    `account`     varchar(16) CHARACTER SET utf8mb4 COLLATE utf8mb4_general_ci  NOT NULL DEFAULT '' COMMENT 'з®ЎзҗҶе‘ҳиҙҰеҸ·',
    `action`      varchar(64) CHARACTER SET utf8mb4 COLLATE utf8mb4_general_ci  NULL     DEFAULT '' COMMENT 'ж“ҚдҪңеҗҚз§°',
    `type`        varchar(8) CHARACTER SET utf8mb4 COLLATE utf8mb4_general_ci   NOT NULL COMMENT 'иҜ·жұӮж–№ејҸ',
    `url`         varchar(600) CHARACTER SET utf8mb4 COLLATE utf8mb4_general_ci NOT NULL COMMENT 'и®ҝй—®й“ҫжҺҘ',
    `params`      text CHARACTER SET utf8mb4 COLLATE utf8mb4_general_ci         NULL COMMENT 'иҜ·жұӮж•°жҚ®',
    `result`      text CHARACTER SET utf8mb4 COLLATE utf8mb4_general_ci         NULL COMMENT 'иҜ·жұӮз»“жһң',
    `ip`          varchar(39) CHARACTER SET utf8mb4 COLLATE utf8mb4_general_ci  NOT NULL DEFAULT '' COMMENT 'ipең°еқҖ',
    `create_time` int(10)                                                       NULL     DEFAULT NULL COMMENT 'еҲӣе»әж—¶й—ҙ',
    PRIMARY KEY (`id`) USING BTREE
) ENGINE = InnoDB
  AUTO_INCREMENT = 1
  CHARACTER SET = utf8mb4
  COLLATE = utf8mb4_general_ci COMMENT = 'зі»з»ҹж—Ҙеҝ—иЎЁ'
  ROW_FORMAT = Dynamic;



-- ----------------------------
-- Table structure for la_pay_config
-- ----------------------------
DROP TABLE IF EXISTS `la_pay_config`;
CREATE TABLE `la_pay_config`
(
    `id`      int(11) UNSIGNED                                              NOT NULL AUTO_INCREMENT,
    `name`    varchar(32) CHARACTER SET utf8mb4 COLLATE utf8mb4_general_ci  NOT NULL DEFAULT '' COMMENT 'жЁЎзүҲеҗҚз§°',
    `pay_way` tinyint(1)                                                    NOT NULL COMMENT 'ж”Ҝд»ҳж–№ејҸ:1-дҪҷйўқж”Ҝд»ҳ;2-еҫ®дҝЎж”Ҝд»ҳ;3-ж”Ҝд»ҳе®қж”Ҝд»ҳ;',
    `config`  text CHARACTER SET utf8mb4 COLLATE utf8mb4_general_ci         NULL COMMENT 'еҜ№еә”ж”Ҝд»ҳй…ҚзҪ®(jsonеӯ—з¬ҰдёІ)',
    `icon`    varchar(255) CHARACTER SET utf8mb4 COLLATE utf8mb4_general_ci NULL     DEFAULT NULL COMMENT 'еӣҫж Ү',
    `sort`    int(5)                                                        NULL     DEFAULT NULL COMMENT 'жҺ’еәҸ',
    `remark`  varchar(255) CHARACTER SET utf8mb4 COLLATE utf8mb4_general_ci NULL     DEFAULT NULL COMMENT 'еӨҮжіЁ',
    PRIMARY KEY (`id`) USING BTREE
) ENGINE = InnoDB
  AUTO_INCREMENT = 4
  CHARACTER SET = utf8mb4
  COLLATE = utf8mb4_general_ci COMMENT = 'ж”Ҝд»ҳй…ҚзҪ®иЎЁ'
  ROW_FORMAT = Dynamic;

-- ----------------------------
-- Records of la_pay_config
-- ----------------------------
BEGIN;
INSERT INTO `la_pay_config`
VALUES (1, 'дҪҷйўқж”Ҝд»ҳ', 1, '', 'resource/image/common/balance_pay.png', 128, 'дҪҷйўқж”Ҝд»ҳеӨҮжіЁ');
INSERT INTO `la_pay_config`
VALUES (2, 'еҫ®дҝЎж”Ҝд»ҳ', 2,
        '{\"interface_version\":\"v3\",\"merchant_type\":\"ordinary_merchant\",\"mch_id\":\"\",\"pay_sign_key\":\"\",\"apiclient_cert\":\"\",\"apiclient_key\":\"\"}',
        '/resource/image/common/wechat_pay.png', 123, 'еҫ®дҝЎж”Ҝд»ҳеӨҮжіЁ');
INSERT INTO `la_pay_config`
VALUES (3, 'ж”Ҝд»ҳе®қж”Ҝд»ҳ', 3,
        '{\"mode\":\"normal_mode\",\"merchant_type\":\"ordinary_merchant\",\"app_id\":\"\",\"private_key\":\"\",\"ali_public_key\":\"\"}',
        '/resource/image/common/ali_pay.png', 123, 'ж”Ҝд»ҳе®қж”Ҝд»ҳ');
COMMIT;

-- ----------------------------
-- Table structure for la_pay_way
-- ----------------------------
DROP TABLE IF EXISTS `la_pay_way`;
CREATE TABLE `la_pay_way`
(
    `id`            int(11) UNSIGNED NOT NULL AUTO_INCREMENT,
    `pay_config_id` int(11)          NOT NULL COMMENT 'ж”Ҝд»ҳй…ҚзҪ®ID',
    `scene`         tinyint(1)       NOT NULL COMMENT 'еңәжҷҜ:1-еҫ®дҝЎе°ҸзЁӢеәҸ;2-еҫ®дҝЎе…¬дј—еҸ·;3-H5;4-PC;5-APP;',
    `is_default`    tinyint(1)       NOT NULL DEFAULT 0 COMMENT 'жҳҜеҗҰй»ҳи®Өж”Ҝд»ҳ:0-еҗҰ;1-жҳҜ;',
    `status`        tinyint(1)       NOT NULL DEFAULT 1 COMMENT 'зҠ¶жҖҒ:0-е…ій—ӯ;1-ејҖеҗҜ;',
    PRIMARY KEY (`id`) USING BTREE
) ENGINE = InnoDB
  AUTO_INCREMENT = 8
  CHARACTER SET = utf8mb4
  COLLATE = utf8mb4_general_ci COMMENT = 'ж”Ҝд»ҳж–№ејҸиЎЁ'
  ROW_FORMAT = Dynamic;

-- ----------------------------
-- Records of la_pay_way
-- ----------------------------
BEGIN;
INSERT INTO `la_pay_way`
VALUES (1, 1, 1, 0, 1);
INSERT INTO `la_pay_way`
VALUES (2, 2, 1, 1, 1);
INSERT INTO `la_pay_way`
VALUES (3, 1, 2, 0, 1);
INSERT INTO `la_pay_way`
VALUES (4, 2, 2, 1, 1);
INSERT INTO `la_pay_way`
VALUES (5, 1, 3, 0, 1);
INSERT INTO `la_pay_way`
VALUES (6, 2, 3, 1, 1);
INSERT INTO `la_pay_way`
VALUES (7, 3, 3, 0, 1);
COMMIT;

-- ----------------------------
-- Table structure for la_recharge_order
-- ----------------------------
DROP TABLE IF EXISTS `la_recharge_order`;
CREATE TABLE `la_recharge_order`
(
    `id`                    int(11)                                                       NOT NULL AUTO_INCREMENT COMMENT 'id',
    `tenant_id`             int(11)                                                       NOT NULL COMMENT 'з§ҹжҲ·ID',
    `sn`                    varchar(64) CHARACTER SET utf8mb4 COLLATE utf8mb4_general_ci  NOT NULL COMMENT 'и®ўеҚ•зј–еҸ·',
    `user_id`               int(11)                                                       NOT NULL COMMENT 'з”ЁжҲ·id',
    `pay_sn`                varchar(255) CHARACTER SET utf8mb4 COLLATE utf8mb4_general_ci NULL     DEFAULT '' COMMENT 'ж”Ҝд»ҳзј–еҸ·-еҶ—дҪҷеӯ—ж®өпјҢй’ҲеҜ№еҫ®дҝЎеҗҢдёҖдё»дҪ“дёҚеҗҢе®ўжҲ·з«Ҝж”Ҝд»ҳйңҖз”ЁдёҚеҗҢи®ўеҚ•еҸ·йў„з•ҷгҖӮ',
    `pay_way`               tinyint(2)                                                    NOT NULL DEFAULT 2 COMMENT 'ж”Ҝд»ҳж–№ејҸ 2-еҫ®дҝЎж”Ҝд»ҳ 3-ж”Ҝд»ҳе®қж”Ҝд»ҳ',
    `pay_status`            tinyint(1)                                                    NOT NULL DEFAULT 0 COMMENT 'ж”Ҝд»ҳзҠ¶жҖҒпјҡ0-еҫ…ж”Ҝд»ҳпјӣ1-е·Іж”Ҝд»ҳ',
    `pay_time`              int(10)                                                       NULL     DEFAULT NULL COMMENT 'ж”Ҝд»ҳж—¶й—ҙ',
    `order_amount`          decimal(10, 2)                                                NOT NULL COMMENT 'е……еҖјйҮ‘йўқ',
    `order_terminal`        tinyint(1)                                                    NULL     DEFAULT 1 COMMENT 'з»Ҳз«Ҝ',
    `transaction_id`        varchar(128) CHARACTER SET utf8mb4 COLLATE utf8mb4_general_ci NULL     DEFAULT NULL COMMENT 'з¬¬дёүж–№е№іеҸ°дәӨжҳ“жөҒж°ҙеҸ·',
    `refund_status`         tinyint(1)                                                    NULL     DEFAULT 0 COMMENT 'йҖҖж¬ҫзҠ¶жҖҒ 0-жңӘйҖҖж¬ҫ 1-е·ІйҖҖж¬ҫ',
    `refund_transaction_id` varchar(255) CHARACTER SET utf8mb4 COLLATE utf8mb4_general_ci NULL     DEFAULT NULL COMMENT 'йҖҖж¬ҫдәӨжҳ“жөҒж°ҙеҸ·',
    `create_time`           int(10)                                                       NULL     DEFAULT NULL COMMENT 'еҲӣе»әж—¶й—ҙ',
    `update_time`           int(10)                                                       NULL     DEFAULT NULL COMMENT 'жӣҙж–°ж—¶й—ҙ',
    `delete_time`           int(10)                                                       NULL     DEFAULT NULL COMMENT 'еҲ йҷӨж—¶й—ҙ',
    PRIMARY KEY (`id`) USING BTREE
) ENGINE = InnoDB
  AUTO_INCREMENT = 1
  CHARACTER SET = utf8mb4
  COLLATE = utf8mb4_general_ci COMMENT = 'е……еҖји®ўеҚ•иЎЁ'
  ROW_FORMAT = Dynamic;

-- ----------------------------
-- Table structure for la_refund_log
-- ----------------------------
DROP TABLE IF EXISTS `la_refund_log`;
CREATE TABLE `la_refund_log`
(
    `id`            int(11)                                                      NOT NULL AUTO_INCREMENT COMMENT 'id',
    `tenant_id`     int(11)                                                      NOT NULL COMMENT 'з§ҹжҲ·ID',
    `sn`            varchar(32) CHARACTER SET utf8mb4 COLLATE utf8mb4_general_ci NULL     DEFAULT NULL COMMENT 'зј–еҸ·',
    `record_id`     int(11)                                                      NOT NULL COMMENT 'йҖҖж¬ҫи®°еҪ•id',
    `user_id`       int(11)                                                      NOT NULL DEFAULT 0 COMMENT 'е…іиҒ”з”ЁжҲ·',
    `handle_id`     int(11)                                                      NOT NULL DEFAULT 0 COMMENT 'еӨ„зҗҶдәәidпјҲз®ЎзҗҶе‘ҳidпјү',
    `order_amount`  decimal(10, 2) UNSIGNED                                      NOT NULL DEFAULT 0.00 COMMENT 'и®ўеҚ•жҖ»зҡ„еә”д»ҳж¬ҫйҮ‘йўқпјҢеҶ—дҪҷеӯ—ж®ө',
    `refund_amount` decimal(10, 2) UNSIGNED                                      NOT NULL DEFAULT 0.00 COMMENT 'жң¬ж¬ЎйҖҖж¬ҫйҮ‘йўқ',
    `refund_status` tinyint(1) UNSIGNED                                          NOT NULL DEFAULT 0 COMMENT 'йҖҖж¬ҫзҠ¶жҖҒпјҢ0йҖҖж¬ҫдёӯпјҢ1йҖҖж¬ҫжҲҗеҠҹпјҢ2йҖҖж¬ҫеӨұиҙҘ',
    `refund_msg`    text CHARACTER SET utf8mb4 COLLATE utf8mb4_general_ci        NULL COMMENT 'йҖҖж¬ҫдҝЎжҒҜ',
    `create_time`   int(10) UNSIGNED                                             NULL     DEFAULT 0 COMMENT 'еҲӣе»әж—¶й—ҙ',
    `update_time`   int(10)                                                      NULL     DEFAULT NULL COMMENT 'жӣҙж–°ж—¶й—ҙ',
    PRIMARY KEY (`id`) USING BTREE
) ENGINE = InnoDB
  AUTO_INCREMENT = 1
  CHARACTER SET = utf8mb4
  COLLATE = utf8mb4_general_ci COMMENT = 'йҖҖж¬ҫж—Ҙеҝ—'
  ROW_FORMAT = Dynamic;

-- ----------------------------
-- Table structure for la_refund_record
-- ----------------------------
DROP TABLE IF EXISTS `la_refund_record`;
CREATE TABLE `la_refund_record`
(
    `id`             int(11)                                                       NOT NULL AUTO_INCREMENT COMMENT 'id',
    `tenant_id`      int(11)                                                       NOT NULL COMMENT 'з§ҹжҲ·ID',
    `sn`             varchar(32) CHARACTER SET utf8mb4 COLLATE utf8mb4_general_ci  NOT NULL DEFAULT '' COMMENT 'йҖҖж¬ҫзј–еҸ·',
    `user_id`        int(11)                                                       NOT NULL DEFAULT 0 COMMENT 'е…іиҒ”з”ЁжҲ·',
    `order_id`       int(11)                                                       NOT NULL DEFAULT 0 COMMENT 'жқҘжәҗи®ўеҚ•id',
    `order_sn`       varchar(32) CHARACTER SET utf8mb4 COLLATE utf8mb4_general_ci  NOT NULL COMMENT 'жқҘжәҗеҚ•еҸ·',
    `order_type`     varchar(255) CHARACTER SET utf8mb4 COLLATE utf8mb4_general_ci NULL     DEFAULT 'order' COMMENT 'и®ўеҚ•жқҘжәҗ order-е•Ҷе“Ғи®ўеҚ• recharge-е……еҖји®ўеҚ•',
    `order_amount`   decimal(10, 2) UNSIGNED                                       NOT NULL DEFAULT 0.00 COMMENT 'и®ўеҚ•жҖ»зҡ„еә”д»ҳж¬ҫйҮ‘йўқпјҢеҶ—дҪҷеӯ—ж®ө',
    `refund_amount`  decimal(10, 2) UNSIGNED                                       NOT NULL DEFAULT 0.00 COMMENT 'жң¬ж¬ЎйҖҖж¬ҫйҮ‘йўқ',
    `transaction_id` varchar(255) CHARACTER SET utf8mb4 COLLATE utf8mb4_general_ci NULL     DEFAULT NULL COMMENT 'з¬¬дёүж–№е№іеҸ°дәӨжҳ“жөҒж°ҙеҸ·',
    `refund_way`     tinyint(1)                                                    NOT NULL DEFAULT 1 COMMENT 'йҖҖж¬ҫж–№ејҸ 1-зәҝдёҠйҖҖж¬ҫ 2-зәҝдёӢйҖҖж¬ҫ',
    `refund_type`    tinyint(1)                                                    NOT NULL DEFAULT 1 COMMENT 'йҖҖж¬ҫзұ»еһӢ 1-еҗҺеҸ°йҖҖж¬ҫ',
    `refund_status`  tinyint(1) UNSIGNED                                           NOT NULL DEFAULT 0 COMMENT 'йҖҖж¬ҫзҠ¶жҖҒпјҢ0йҖҖж¬ҫдёӯпјҢ1йҖҖж¬ҫжҲҗеҠҹпјҢ2йҖҖж¬ҫеӨұиҙҘ',
    `create_time`    int(10) UNSIGNED                                              NULL     DEFAULT 0 COMMENT 'еҲӣе»әж—¶й—ҙ',
    `update_time`    int(10)                                                       NULL     DEFAULT NULL COMMENT 'жӣҙж–°ж—¶й—ҙ',
    PRIMARY KEY (`id`) USING BTREE
) ENGINE = InnoDB
  AUTO_INCREMENT = 1
  CHARACTER SET = utf8mb4
  COLLATE = utf8mb4_general_ci COMMENT = 'йҖҖж¬ҫи®°еҪ•'
  ROW_FORMAT = Dynamic;

-- ----------------------------
-- Table structure for la_sms_log
-- ----------------------------
DROP TABLE IF EXISTS `la_sms_log`;
CREATE TABLE `la_sms_log`
(
    `id`          int(11)                                                       NOT NULL AUTO_INCREMENT COMMENT 'id',
    `tenant_id`   int(11)                                                       NOT NULL COMMENT 'з§ҹжҲ·ID',
    `scene_id`    int(11)                                                       NOT NULL COMMENT 'еңәжҷҜid',
    `mobile`      varchar(11) CHARACTER SET utf8mb4 COLLATE utf8mb4_general_ci  NOT NULL COMMENT 'жүӢжңәеҸ·з Ғ',
    `content`     varchar(255) CHARACTER SET utf8mb4 COLLATE utf8mb4_general_ci NOT NULL COMMENT 'еҸ‘йҖҒеҶ…е®№',
    `code`        varchar(32) CHARACTER SET utf8mb4 COLLATE utf8mb4_general_ci  NULL DEFAULT NULL COMMENT 'еҸ‘йҖҒе…ій”®еӯ—пјҲжіЁеҶҢгҖҒжүҫеӣһеҜҶз Ғпјү',
    `is_verify`   tinyint(1)                                                    NULL DEFAULT 0 COMMENT 'жҳҜеҗҰе·ІйӘҢиҜҒпјӣ0-еҗҰпјӣ1-жҳҜ',
    `check_num`   int(5)                                                        NULL DEFAULT 0 COMMENT 'йӘҢиҜҒж¬Ўж•°',
    `send_status` tinyint(1)                                                    NOT NULL COMMENT 'еҸ‘йҖҒзҠ¶жҖҒпјҡ0-еҸ‘йҖҒдёӯпјӣ1-еҸ‘йҖҒжҲҗеҠҹпјӣ2-еҸ‘йҖҒеӨұиҙҘ',
    `send_time`   int(10)                                                       NOT NULL COMMENT 'еҸ‘йҖҒж—¶й—ҙ',
    `results`     text CHARACTER SET utf8mb4 COLLATE utf8mb4_general_ci         NULL COMMENT 'зҹӯдҝЎз»“жһң',
    `create_time` int(10)                                                       NULL DEFAULT NULL COMMENT 'еҲӣе»әж—¶й—ҙ',
    `update_time` int(10)                                                       NULL DEFAULT NULL COMMENT 'жӣҙж–°ж—¶й—ҙ',
    `delete_time` int(10)                                                       NULL DEFAULT NULL COMMENT 'еҲ йҷӨж—¶й—ҙ',
    PRIMARY KEY (`id`) USING BTREE
) ENGINE = InnoDB
  AUTO_INCREMENT = 1
  CHARACTER SET = utf8mb4
  COLLATE = utf8mb4_general_ci COMMENT = 'зҹӯдҝЎи®°еҪ•иЎЁ'
  ROW_FORMAT = Dynamic;

-- ----------------------------
-- Table structure for la_system_menu
-- ----------------------------
DROP TABLE IF EXISTS `la_system_menu`;
CREATE TABLE `la_system_menu`
(
    `id`          int(10) UNSIGNED                                              NOT NULL AUTO_INCREMENT COMMENT 'дё»й”®',
    `pid`         int(10) UNSIGNED                                              NOT NULL DEFAULT 0 COMMENT 'дёҠзә§иҸңеҚ•',
    `type`        char(2) CHARACTER SET utf8mb4 COLLATE utf8mb4_general_ci      NOT NULL DEFAULT '' COMMENT 'жқғйҷҗзұ»еһӢ: M=зӣ®еҪ•пјҢC=иҸңеҚ•пјҢA=жҢүй’®',
    `name`        varchar(100) CHARACTER SET utf8mb4 COLLATE utf8mb4_general_ci NOT NULL DEFAULT '' COMMENT 'иҸңеҚ•еҗҚз§°',
    `icon`        varchar(100) CHARACTER SET utf8mb4 COLLATE utf8mb4_general_ci NOT NULL DEFAULT '' COMMENT 'иҸңеҚ•еӣҫж Ү',
    `sort`        smallint(5) UNSIGNED                                          NOT NULL DEFAULT 0 COMMENT 'иҸңеҚ•жҺ’еәҸ',
    `perms`       varchar(100) CHARACTER SET utf8mb4 COLLATE utf8mb4_general_ci NOT NULL DEFAULT '' COMMENT 'жқғйҷҗж ҮиҜҶ',
    `paths`       varchar(100) CHARACTER SET utf8mb4 COLLATE utf8mb4_general_ci NOT NULL DEFAULT '' COMMENT 'и·Ҝз”ұең°еқҖ',
    `component`   varchar(200) CHARACTER SET utf8mb4 COLLATE utf8mb4_general_ci NOT NULL DEFAULT '' COMMENT 'еүҚз«Ҝз»„д»¶',
    `selected`    varchar(200) CHARACTER SET utf8mb4 COLLATE utf8mb4_general_ci NOT NULL DEFAULT '' COMMENT 'йҖүдёӯи·Ҝеҫ„',
    `params`      varchar(200) CHARACTER SET utf8mb4 COLLATE utf8mb4_general_ci NOT NULL DEFAULT '' COMMENT 'и·Ҝз”ұеҸӮж•°',
    `is_cache`    tinyint(1) UNSIGNED                                           NOT NULL DEFAULT 0 COMMENT 'жҳҜеҗҰзј“еӯҳ: 0=еҗҰ, 1=жҳҜ',
    `is_show`     tinyint(1) UNSIGNED                                           NOT NULL DEFAULT 1 COMMENT 'жҳҜеҗҰжҳҫзӨә: 0=еҗҰ, 1=жҳҜ',
    `is_disable`  tinyint(1) UNSIGNED                                           NOT NULL DEFAULT 0 COMMENT 'жҳҜеҗҰзҰҒз”Ё: 0=еҗҰ, 1=жҳҜ',
    `create_time` int(10) UNSIGNED                                              NOT NULL DEFAULT 0 COMMENT 'еҲӣе»әж—¶й—ҙ',
    `update_time` int(10) UNSIGNED                                              NOT NULL DEFAULT 0 COMMENT 'жӣҙж–°ж—¶й—ҙ',
    PRIMARY KEY (`id`) USING BTREE
) ENGINE = InnoDB
  AUTO_INCREMENT = 166
  CHARACTER SET = utf8mb4
  COLLATE = utf8mb4_general_ci COMMENT = 'зі»з»ҹиҸңеҚ•иЎЁ'
  ROW_FORMAT = Dynamic;

-- ----------------------------
-- Records of la_system_menu
-- ----------------------------
BEGIN;
INSERT INTO `la_system_menu`
VALUES (4, 0, 'M', 'жқғйҷҗз®ЎзҗҶ', 'el-icon-Lock', 300, '', 'permission', '', '', '', 0, 1, 0, 1656664556, 1710472802);
INSERT INTO `la_system_menu`
VALUES (5, 0, 'C', 'е·ҘдҪңеҸ°', 'el-icon-Monitor', 1000, 'workbench/index', 'workbench', 'workbench/index', '', '', 0, 1,
        0, 1656664793, 1664354981);
INSERT INTO `la_system_menu`
VALUES (6, 4, 'C', 'иҸңеҚ•', 'el-icon-Operation', 100, 'auth.menu/lists', 'menu', 'permission/menu/index', '', '', 1, 1,
        0, 1656664960, 1710472994);
INSERT INTO `la_system_menu`
VALUES (7, 4, 'C', 'з®ЎзҗҶе‘ҳ', 'local-icon-shouyiren', 80, 'auth.admin/lists', 'admin', 'permission/admin/index', '', '',
        0, 1, 0, 1656901567, 1710473013);
INSERT INTO `la_system_menu`
VALUES (8, 4, 'C', 'и§’иүІ', 'el-icon-Female', 90, 'auth.role/lists', 'role', 'permission/role/index', '', '', 0, 1, 0,
        1656901660, 1710473000);
INSERT INTO `la_system_menu`
VALUES (12, 8, 'A', 'ж–°еўһ', '', 1, 'auth.role/add', '', '', '', '', 0, 1, 0, 1657001790, 1663750625);
INSERT INTO `la_system_menu`
VALUES (14, 8, 'A', 'зј–иҫ‘', '', 1, 'auth.role/edit', '', '', '', '', 0, 1, 0, 1657001924, 1663750631);
INSERT INTO `la_system_menu`
VALUES (15, 8, 'A', 'еҲ йҷӨ', '', 1, 'auth.role/delete', '', '', '', '', 0, 1, 0, 1657001982, 1663750637);
INSERT INTO `la_system_menu`
VALUES (16, 6, 'A', 'ж–°еўһ', '', 1, 'auth.menu/add', '', '', '', '', 0, 1, 0, 1657072523, 1663750565);
INSERT INTO `la_system_menu`
VALUES (17, 6, 'A', 'зј–иҫ‘', '', 1, 'auth.menu/edit', '', '', '', '', 0, 1, 0, 1657073955, 1663750570);
INSERT INTO `la_system_menu`
VALUES (18, 6, 'A', 'еҲ йҷӨ', '', 1, 'auth.menu/delete', '', '', '', '', 0, 1, 0, 1657073987, 1663750578);
INSERT INTO `la_system_menu`
VALUES (19, 7, 'A', 'ж–°еўһ', '', 1, 'auth.admin/add', '', '', '', '', 0, 1, 0, 1657074035, 1663750596);
INSERT INTO `la_system_menu`
VALUES (20, 7, 'A', 'зј–иҫ‘', '', 1, 'auth.admin/edit', '', '', '', '', 0, 1, 0, 1657074071, 1663750603);
INSERT INTO `la_system_menu`
VALUES (21, 7, 'A', 'еҲ йҷӨ', '', 1, 'auth.admin/delete', '', '', '', '', 0, 1, 0, 1657074108, 1663750609);
INSERT INTO `la_system_menu`
VALUES (23, 28, 'M', 'ејҖеҸ‘е·Ҙе…·', 'el-icon-EditPen', 40, '', 'dev_tools', '', '', '', 0, 1, 0, 1657097744, 1710473127);
INSERT INTO `la_system_menu`
VALUES (24, 23, 'C', 'д»Јз Ғз”ҹжҲҗеҷЁ', 'el-icon-DocumentAdd', 1, 'tools.generator/generateTable', 'code',
        'dev_tools/code/index', '', '', 0, 1, 0, 1657098110, 1658989423);
INSERT INTO `la_system_menu`
VALUES (25, 0, 'M', 'з»„з»Үз®ЎзҗҶ', 'el-icon-OfficeBuilding', 400, '', 'organization', '', '', '', 0, 1, 0, 1657099914,
        1710472797);
INSERT INTO `la_system_menu`
VALUES (26, 25, 'C', 'йғЁй—Ёз®ЎзҗҶ', 'el-icon-Coordinate', 100, 'dept.dept/lists', 'department',
        'organization/department/index', '', '', 1, 1, 0, 1657099989, 1710472962);
INSERT INTO `la_system_menu`
VALUES (27, 25, 'C', 'еІ—дҪҚз®ЎзҗҶ', 'el-icon-PriceTag', 90, 'dept.jobs/lists', 'post', 'organization/post/index', '', '',
        0, 1, 0, 1657100044, 1710472967);
INSERT INTO `la_system_menu`
VALUES (28, 0, 'M', 'зі»з»ҹи®ҫзҪ®', 'el-icon-Setting', 200, '', 'setting', '', '', '', 0, 1, 0, 1657100164, 1710472807);
INSERT INTO `la_system_menu`
VALUES (29, 28, 'M', 'зҪ‘з«ҷи®ҫзҪ®', 'el-icon-Basketball', 100, '', 'website', '', '', '', 0, 1, 0, 1657100230, 1710473049);
INSERT INTO `la_system_menu`
VALUES (30, 29, 'C', 'зҪ‘з«ҷдҝЎжҒҜ', '', 1, 'setting.web.web_setting/getWebsite', 'information',
        'setting/website/information', '', '', 0, 1, 0, 1657100306, 1657164412);
INSERT INTO `la_system_menu`
VALUES (31, 29, 'C', 'зҪ‘з«ҷеӨҮжЎҲ', '', 1, 'setting.web.web_setting/getCopyright', 'filing', 'setting/website/filing', '',
        '', 0, 1, 1, 1657100434, 1657164723);
INSERT INTO `la_system_menu`
VALUES (32, 29, 'C', 'ж”ҝзӯ–еҚҸи®®', '', 1, 'setting.web.web_setting/getAgreement', 'protocol', 'setting/website/protocol',
        '', '', 0, 1, 1, 1657100571, 1657164770);
INSERT INTO `la_system_menu`
VALUES (33, 28, 'C', 'еӯҳеӮЁи®ҫзҪ®', 'el-icon-FolderOpened', 70, 'setting.storage/lists', 'storage',
        'setting/storage/index', '', '', 0, 1, 0, 1657160959, 1710473095);
INSERT INTO `la_system_menu`
VALUES (34, 23, 'C', 'еӯ—е…ёз®ЎзҗҶ', 'el-icon-Box', 1, 'setting.dict.dict_type/lists', 'dict', 'setting/dict/type/index',
        '', '', 0, 1, 0, 1657161211, 1663225935);
INSERT INTO `la_system_menu`
VALUES (35, 28, 'M', 'зі»з»ҹз»ҙжҠӨ', 'el-icon-SetUp', 50, '', 'system', '', '', '', 0, 1, 0, 1657161569, 1710473122);
INSERT INTO `la_system_menu`
VALUES (36, 35, 'C', 'зі»з»ҹж—Ҙеҝ—', '', 90, 'setting.system.log/lists', 'journal', 'setting/system/journal', '', '', 0, 1,
        0, 1657161696, 1710473253);
INSERT INTO `la_system_menu`
VALUES (37, 35, 'C', 'зі»з»ҹзј“еӯҳ', '', 80, '', 'cache', 'setting/system/cache', '', '', 0, 1, 0, 1657161896, 1710473258);
INSERT INTO `la_system_menu`
VALUES (38, 35, 'C', 'зі»з»ҹзҺҜеўғ', '', 70, 'setting.system.system/info', 'environment', 'setting/system/environment', '',
        '', 0, 1, 0, 1657162000, 1710473265);
INSERT INTO `la_system_menu`
VALUES (39, 24, 'A', 'еҜје…Ҙж•°жҚ®иЎЁ', '', 1, 'tools.generator/selectTable', '', '', '', '', 0, 1, 0, 1657162736,
        1657162736);
INSERT INTO `la_system_menu`
VALUES (40, 24, 'A', 'д»Јз Ғз”ҹжҲҗ', '', 1, 'tools.generator/generate', '', '', '', '', 0, 1, 0, 1657162806, 1657162806);
INSERT INTO `la_system_menu`
VALUES (41, 23, 'C', 'зј–иҫ‘ж•°жҚ®иЎЁ', '', 1, 'tools.generator/edit', 'code/edit', 'dev_tools/code/edit', '/dev_tools/code',
        '', 1, 0, 0, 1657162866, 1663748668);
INSERT INTO `la_system_menu`
VALUES (42, 24, 'A', 'еҗҢжӯҘиЎЁз»“жһ„', '', 1, 'tools.generator/syncColumn', '', '', '', '', 0, 1, 0, 1657162934,
        1657162934);
INSERT INTO `la_system_menu`
VALUES (43, 24, 'A', 'еҲ йҷӨж•°жҚ®иЎЁ', '', 1, 'tools.generator/delete', '', '', '', '', 0, 1, 0, 1657163015, 1657163015);
INSERT INTO `la_system_menu`
VALUES (44, 24, 'A', 'йў„и§Ҳд»Јз Ғ', '', 1, 'tools.generator/preview', '', '', '', '', 0, 1, 0, 1657163263, 1657163263);
INSERT INTO `la_system_menu`
VALUES (51, 30, 'A', 'дҝқеӯҳ', '', 1, 'setting.web.web_setting/setWebsite', '', '', '', '', 0, 1, 0, 1657164469,
        1663750649);
INSERT INTO `la_system_menu`
VALUES (52, 31, 'A', 'дҝқеӯҳ', '', 1, 'setting.web.web_setting/setCopyright', '', '', '', '', 0, 1, 0, 1657164692,
        1663750657);
INSERT INTO `la_system_menu`
VALUES (53, 32, 'A', 'дҝқеӯҳ', '', 1, 'setting.web.web_setting/setAgreement', '', '', '', '', 0, 1, 0, 1657164824,
        1663750665);
INSERT INTO `la_system_menu`
VALUES (54, 33, 'A', 'и®ҫзҪ®', '', 1, 'setting.storage/setup', '', '', '', '', 0, 1, 0, 1657165303, 1663750673);
INSERT INTO `la_system_menu`
VALUES (55, 34, 'A', 'ж–°еўһ', '', 1, 'setting.dict.dict_type/add', '', '', '', '', 0, 1, 0, 1657166966, 1663750783);
INSERT INTO `la_system_menu`
VALUES (56, 34, 'A', 'зј–иҫ‘', '', 1, 'setting.dict.dict_type/edit', '', '', '', '', 0, 1, 0, 1657166997, 1663750789);
INSERT INTO `la_system_menu`
VALUES (57, 34, 'A', 'еҲ йҷӨ', '', 1, 'setting.dict.dict_type/delete', '', '', '', '', 0, 1, 0, 1657167038, 1663750796);
INSERT INTO `la_system_menu`
VALUES (58, 62, 'A', 'ж–°еўһ', '', 1, 'setting.dict.dict_data/add', '', '', '', '', 0, 1, 0, 1657167317, 1663750758);
INSERT INTO `la_system_menu`
VALUES (59, 62, 'A', 'зј–иҫ‘', '', 1, 'setting.dict.dict_data/edit', '', '', '', '', 0, 1, 0, 1657167371, 1663750751);
INSERT INTO `la_system_menu`
VALUES (60, 62, 'A', 'еҲ йҷӨ', '', 1, 'setting.dict.dict_data/delete', '', '', '', '', 0, 1, 0, 1657167397, 1663750768);
INSERT INTO `la_system_menu`
VALUES (61, 37, 'A', 'жё…йҷӨзі»з»ҹзј“еӯҳ', '', 1, 'setting.system.cache/clear', '', '', '', '', 0, 1, 0, 1657173837,
        1657173939);
INSERT INTO `la_system_menu`
VALUES (62, 23, 'C', 'еӯ—е…ёж•°жҚ®з®ЎзҗҶ', '', 1, 'setting.dict.dict_data/lists', 'dict/data', 'setting/dict/data/index',
        '/dev_tools/dict', '', 1, 0, 0, 1657174351, 1663745617);
INSERT INTO `la_system_menu`
VALUES (63, 158, 'M', 'зҙ жқҗз®ЎзҗҶ', 'el-icon-Picture', 0, '', 'material', '', '', '', 0, 1, 0, 1657507133, 1710472243);
INSERT INTO `la_system_menu`
VALUES (64, 63, 'C', 'зҙ жқҗдёӯеҝғ', 'el-icon-PictureRounded', 0, '', 'index', 'material/index', '', '', 0, 1, 0,
        1657507296, 1664355653);
INSERT INTO `la_system_menu`
VALUES (68, 6, 'A', 'иҜҰжғ…', '', 0, 'auth.menu/detail', '', '', '', '', 0, 1, 0, 1663725564, 1663750584);
INSERT INTO `la_system_menu`
VALUES (69, 7, 'A', 'иҜҰжғ…', '', 0, 'auth.admin/detail', '', '', '', '', 0, 1, 0, 1663725623, 1663750615);
INSERT INTO `la_system_menu`
VALUES (101, 158, 'M', 'ж¶ҲжҒҜз®ЎзҗҶ', 'el-icon-ChatDotRound', 80, '', 'message', '', '', '', 0, 1, 0, 1663838602,
        1710471874);
INSERT INTO `la_system_menu`
VALUES (102, 101, 'C', 'йҖҡзҹҘи®ҫзҪ®', '', 0, 'notice.notice/settingLists', 'notice', 'message/notice/index', '', '', 0, 1,
        0, 1663839195, 1663839195);
INSERT INTO `la_system_menu`
VALUES (103, 102, 'A', 'иҜҰжғ…', '', 0, 'notice.notice/detail', '', '', '', '', 0, 1, 0, 1663839537, 1663839537);
INSERT INTO `la_system_menu`
VALUES (104, 101, 'C', 'йҖҡзҹҘи®ҫзҪ®зј–иҫ‘', '', 0, 'notice.notice/set', 'notice/edit', 'message/notice/edit',
        '/message/notice', '', 0, 0, 0, 1663839873, 1663898477);
INSERT INTO `la_system_menu`
VALUES (107, 101, 'C', 'зҹӯдҝЎи®ҫзҪ®', '', 0, 'notice.sms_config/getConfig', 'short_letter', 'message/short_letter/index',
        '', '', 0, 1, 0, 1663898591, 1664355708);
INSERT INTO `la_system_menu`
VALUES (108, 107, 'A', 'и®ҫзҪ®', '', 0, 'notice.sms_config/setConfig', '', '', '', '', 0, 1, 0, 1663898644, 1663898644);
INSERT INTO `la_system_menu`
VALUES (109, 107, 'A', 'иҜҰжғ…', '', 0, 'notice.sms_config/detail', '', '', '', '', 0, 1, 0, 1663898661, 1663898661);
INSERT INTO `la_system_menu`
VALUES (112, 28, 'M', 'з”ЁжҲ·и®ҫзҪ®', 'local-icon-keziyuyue', 90, '', 'user', '', '', '', 0, 1, 1, 1663903302, 1710473056);
INSERT INTO `la_system_menu`
VALUES (113, 112, 'C', 'з”ЁжҲ·и®ҫзҪ®', '', 0, 'setting.user.user/getConfig', 'setup', 'setting/user/setup', '', '', 0, 1, 1,
        1663903506, 1663903506);
INSERT INTO `la_system_menu`
VALUES (114, 113, 'A', 'дҝқеӯҳ', '', 0, 'setting.user.user/setConfig', '', '', '', '', 0, 1, 0, 1663903522, 1663903522);
INSERT INTO `la_system_menu`
VALUES (115, 112, 'C', 'зҷ»еҪ•жіЁеҶҢ', '', 0, 'setting.user.user/getRegisterConfig', 'login_register',
        'setting/user/login_register', '', '', 0, 1, 0, 1663903832, 1663903832);
INSERT INTO `la_system_menu`
VALUES (116, 115, 'A', 'дҝқеӯҳ', '', 0, 'setting.user.user/setRegisterConfig', '', '', '', '', 0, 1, 0, 1663903852,
        1663903852);
INSERT INTO `la_system_menu`
VALUES (117, 0, 'M', 'еә—й“әз®ЎзҗҶ', 'local-icon-user_biaoqian', 900, '', 'tenant', '', '', '', 0, 1, 0, 1663904351,
        1724998415);
INSERT INTO `la_system_menu`
VALUES (118, 117, 'C', 'еә—й“әеҲ—иЎЁ', 'local-icon-user_guanli', 100, 'tenant.tenant/lists', 'lists', 'tenant/lists/index',
        '', '', 0, 1, 0, 1663904392, 1724998428);
INSERT INTO `la_system_menu`
VALUES (170, 117, 'C', 'еҫ®дҝЎз”ЁжҲ·еҲ—иЎЁ', 'local-icon-user_guanli', 90, 'user.user/lists', 'wechat_user', 'tenant/wechat_user/index',
        '', '', 0, 1, 0, 1779566400, 1779566400);
INSERT INTO `la_system_menu`
VALUES (171, 117, 'C', 'еә—й“әеӣһж”¶з«ҷеҲ—иЎЁ', 'local-icon-user_guanli', 80, 'tenant.tenant/recycleLists', 'recycle',
        'tenant/recycle/index', '', '', 0, 1, 0, 1779566400, 1779566400);
INSERT INTO `la_system_menu`
VALUES (143, 35, 'C', 'е®ҡж—¶д»»еҠЎ', '', 100, 'crontab.crontab/lists', 'scheduled_task',
        'setting/system/scheduled_task/index', '', '', 0, 1, 0, 1669357509, 1710473246);
INSERT INTO `la_system_menu`
VALUES (144, 35, 'C', 'е®ҡж—¶д»»еҠЎж·»еҠ /зј–иҫ‘', '', 0, 'crontab.crontab/add:edit', 'scheduled_task/edit',
        'setting/system/scheduled_task/edit', '/setting/system/scheduled_task', '', 0, 0, 0, 1669357670, 1669357765);
INSERT INTO `la_system_menu`
VALUES (145, 143, 'A', 'ж·»еҠ ', '', 0, 'crontab.crontab/add', '', '', '', '', 0, 1, 0, 1669358282, 1669358282);
INSERT INTO `la_system_menu`
VALUES (146, 143, 'A', 'зј–иҫ‘', '', 0, 'crontab.crontab/edit', '', '', '', '', 0, 1, 0, 1669358303, 1669358303);
INSERT INTO `la_system_menu`
VALUES (147, 143, 'A', 'еҲ йҷӨ', '', 0, 'crontab.crontab/delete', '', '', '', '', 0, 1, 0, 1669358334, 1669358334);
INSERT INTO `la_system_menu`
VALUES (158, 0, 'M', 'еә”з”Ёз®ЎзҗҶ', 'el-icon-Postcard', 800, '', 'app', '', '', '', 0, 1, 0, 1677143430, 1710472079);
INSERT INTO `la_system_menu`
VALUES (161, 28, 'M', 'ж”Ҝд»ҳи®ҫзҪ®', 'local-icon-set_pay', 80, '', 'pay', '', '', '', 0, 1, 1, 1677148075, 1710473061);
INSERT INTO `la_system_menu`
VALUES (162, 161, 'C', 'ж”Ҝд»ҳж–№ејҸ', '', 0, 'setting.pay.pay_way/getPayWay', 'method', 'setting/pay/method/index', '', '',
        0, 1, 0, 1677148207, 1677148207);
INSERT INTO `la_system_menu`
VALUES (163, 161, 'C', 'ж”Ҝд»ҳй…ҚзҪ®', '', 0, 'setting.pay.pay_config/lists', 'config', 'setting/pay/config/index', '', '',
        0, 1, 0, 1677148260, 1677148374);
INSERT INTO `la_system_menu`
VALUES (164, 162, 'A', 'и®ҫзҪ®ж”Ҝд»ҳж–№ејҸ', '', 0, 'setting.pay.pay_way/setPayWay', '', '', '', '', 0, 1, 0, 1677219624,
        1677219624);
INSERT INTO `la_system_menu`
VALUES (165, 163, 'A', 'й…ҚзҪ®', '', 0, 'setting.pay.pay_config/setConfig', '', '', '', '', 0, 1, 0, 1677219655,
        1677219655);
INSERT INTO `la_system_menu`
VALUES (166, 118, 'A', 'ж–°еўһеә—й“ә', '', 0, 'tenant.tenant/add', '', '', '', '', 1, 1, 0, 1726822307, 1726822435);
INSERT INTO `la_system_menu`
VALUES (167, 118, 'A', 'зј–иҫ‘еә—й“ә', '', 0, 'tenant.tenant/edit', '', '', '', '', 1, 1, 0, 1726822372, 1726822440);
INSERT INTO `la_system_menu`
VALUES (168, 118, 'A', 'еә—й“әиҜҰжғ…', '', 0, 'tenant.tenant/detail', '', '', '', '', 1, 1, 0, 1726822396, 1726822444);
INSERT INTO `la_system_menu`
VALUES (169, 118, 'A', 'ж”ҫе…Ҙеӣһж”¶з«ҷ', '', 0, 'tenant.tenant/delete', '', '', '', '', 1, 1, 0, 1726822416, 1726822449);
INSERT INTO `la_system_menu`
VALUES (172, 171, 'A', 'жҒўеӨҚеә—й“ә', '', 0, 'tenant.tenant/restore', '', '', '', '', 1, 1, 0, 1779566400,
        1779566400);
INSERT INTO `la_system_menu`
VALUES (173, 0, 'M', 'е•Ҷе“Ғз®ЎзҗҶ', 'local-icon-goods', 700, '', 'goods', '', '', '', 0, 1, 0, 1780156800, 1780156800);
INSERT INTO `la_system_menu`
VALUES (174, 173, 'C', 'е…¬е…ұе•Ҷе“Ғеә“', 'local-icon-goods', 70, 'goods.cloud_goods/lists', 'cloud_goods',
        'goods/cloud_goods/index', '', '', 0, 1, 0, 1780156800, 1780156800);
INSERT INTO `la_system_menu`
VALUES (175, 174, 'A', 'ж–°еўһ', '', 0, 'goods.cloud_goods/add', '', '', '', '', 1, 1, 0, 1780156800,
        1780156800);
INSERT INTO `la_system_menu`
VALUES (176, 174, 'A', 'зј–иҫ‘', '', 0, 'goods.cloud_goods/edit', '', '', '', '', 1, 1, 0, 1780156800,
        1780156800);
INSERT INTO `la_system_menu`
VALUES (177, 174, 'A', 'еҲ йҷӨ', '', 0, 'goods.cloud_goods/delete', '', '', '', '', 1, 1, 0, 1780156800,
        1780156800);
INSERT INTO `la_system_menu`
VALUES (178, 173, 'C', 'еҲҶзұ»з®ЎзҗҶ', 'local-icon-goods', 60, 'goods.tenant_goodscat/lists', 'cate',
        'goods/cate/index', '', '', 0, 1, 0, 1780156800, 1780156800);
INSERT INTO `la_system_menu`
VALUES (179, 178, 'A', 'ж–°еўһ', '', 0, 'goods.tenant_goodscat/add', '', '', '', '', 1, 1, 0, 1780156800,
        1780156800);
INSERT INTO `la_system_menu`
VALUES (180, 178, 'A', 'зј–иҫ‘', '', 0, 'goods.tenant_goodscat/edit', '', '', '', '', 1, 1, 0, 1780156800,
        1780156800);
INSERT INTO `la_system_menu`
VALUES (181, 178, 'A', 'еҲ йҷӨ', '', 0, 'goods.tenant_goodscat/delete', '', '', '', '', 1, 1, 0, 1780156800,
        1780156800);
INSERT INTO `la_system_menu`
VALUES (182, 178, 'A', 'иҜҰжғ…', '', 0, 'goods.tenant_goodscat/detail', '', '', '', '', 1, 1, 0, 1780156800,
        1780156800);
INSERT INTO `la_system_menu`
VALUES (183, 178, 'A', 'е…ЁйғЁеҲҶзұ»', '', 0, 'goods.tenant_goodscat/all', '', '', '', '', 1, 1, 0, 1780156800,
        1780156800);
COMMIT;

-- ----------------------------
-- Table structure for la_system_role
-- ----------------------------
DROP TABLE IF EXISTS `la_system_role`;
CREATE TABLE `la_system_role`
(
    `id`          int(11) UNSIGNED                                             NOT NULL AUTO_INCREMENT,
    `name`        varchar(16) CHARACTER SET utf8mb4 COLLATE utf8mb4_general_ci NOT NULL DEFAULT '' COMMENT 'еҗҚз§°',
    `desc`        varchar(128) CHARACTER SET utf8 COLLATE utf8_general_ci      NOT NULL DEFAULT '' COMMENT 'жҸҸиҝ°',
    `sort`        int(11)                                                      NULL     DEFAULT 0 COMMENT 'жҺ’еәҸ',
    `create_time` int(10)                                                      NULL     DEFAULT NULL COMMENT 'еҲӣе»әж—¶й—ҙ',
    `update_time` int(10)                                                      NULL     DEFAULT NULL COMMENT 'жӣҙж–°ж—¶й—ҙ',
    `delete_time` int(10)                                                      NULL     DEFAULT NULL COMMENT 'еҲ йҷӨж—¶й—ҙ',
    PRIMARY KEY (`id`) USING BTREE
) ENGINE = InnoDB
  AUTO_INCREMENT = 1
  CHARACTER SET = utf8mb4
  COLLATE = utf8mb4_general_ci COMMENT = 'и§’иүІиЎЁ'
  ROW_FORMAT = Dynamic;

-- ----------------------------
-- Table structure for la_system_role_menu
-- ----------------------------
DROP TABLE IF EXISTS `la_system_role_menu`;
CREATE TABLE `la_system_role_menu`
(
    `role_id` int(10) UNSIGNED NOT NULL DEFAULT 0 COMMENT 'и§’иүІID',
    `menu_id` int(10) UNSIGNED NOT NULL DEFAULT 0 COMMENT 'иҸңеҚ•ID',
    PRIMARY KEY (`role_id`, `menu_id`) USING BTREE
) ENGINE = InnoDB
  CHARACTER SET = utf8mb4
  COLLATE = utf8mb4_general_ci COMMENT = 'и§’иүІиҸңеҚ•е…ізі»иЎЁ'
  ROW_FORMAT = Dynamic;

-- ----------------------------
-- Table structure for la_tenant
-- ----------------------------
DROP TABLE IF EXISTS `la_tenant`;
CREATE TABLE `la_tenant`
(
    `id`                  int(11) UNSIGNED                                              NOT NULL AUTO_INCREMENT COMMENT 'дё»й”®',
    `sn`                  varchar(50) CHARACTER SET utf8mb4 COLLATE utf8mb4_general_ci  NOT NULL COMMENT 'зј–еҸ·',
    `name`                varchar(32) CHARACTER SET utf8mb4 COLLATE utf8mb4_general_ci  NOT NULL DEFAULT '' COMMENT 'еҗҚз§°',
    `avatar`              varchar(255) CHARACTER SET utf8mb4 COLLATE utf8mb4_general_ci NOT NULL DEFAULT '' COMMENT 'з§ҹжҲ·еӨҙеғҸ',
    `tel`                 varchar(30) CHARACTER SET utf8mb4 COLLATE utf8mb4_general_ci  NULL     DEFAULT NULL COMMENT 'иҒ”зі»ж–№ејҸ',
    `disable`             tinyint(1) UNSIGNED                                           NULL     DEFAULT 0 COMMENT 'жҳҜеҗҰзҰҒз”Ёпјҡ0-еҗҰпјӣ1-жҳҜпјӣ',
    `tactics`             tinyint(1) UNSIGNED                                           NOT NULL DEFAULT 0 COMMENT 'еҲҶиЎЁзӯ–з•Ҙ: [0=еҗҰ, 1=жҳҜ]',
    `notes`               varchar(255) CHARACTER SET utf8mb4 COLLATE utf8mb4_general_ci NULL     DEFAULT NULL COMMENT 'з§ҹжҲ·еӨҮжіЁ',
    `domain_alias`        varchar(255) CHARACTER SET utf8mb4 COLLATE utf8mb4_general_ci NULL     DEFAULT NULL COMMENT 'еҹҹеҗҚеҲ«еҗҚ',
    `domain_alias_enable` tinyint(10)                                                   NOT NULL DEFAULT 1 COMMENT 'еҗҜз”ЁеҹҹеҗҚеҲ«еҗҚпјҡ0-еҗҜз”Ёпјӣ1-зҰҒз”Ё',
    `create_time`         int(10)                                                       NOT NULL COMMENT 'еҲӣе»әж—¶й—ҙ',
    `update_time`         int(10)                                                       NULL     DEFAULT NULL COMMENT 'дҝ®ж”№ж—¶й—ҙ',
    `delete_time`         int(10)                                                       NULL     DEFAULT NULL COMMENT 'еҲ йҷӨж—¶й—ҙ',
    PRIMARY KEY (`id`) USING BTREE
) ENGINE = InnoDB
  AUTO_INCREMENT = 1
  CHARACTER SET = utf8mb4
  COLLATE = utf8mb4_general_ci COMMENT = 'з§ҹжҲ·иЎЁ'
  ROW_FORMAT = Dynamic;

-- ----------------------------
-- Table structure for la_tenant_admin
-- ----------------------------
DROP TABLE IF EXISTS `la_tenant_admin`;
CREATE TABLE `la_tenant_admin`
(
    `id`               int(11) UNSIGNED                                              NOT NULL AUTO_INCREMENT,
    `tenant_id`        int(10)                                                       NOT NULL COMMENT 'з§ҹжҲ·ID',
    `root`             tinyint(1) UNSIGNED                                           NOT NULL DEFAULT 0 COMMENT 'жҳҜеҗҰи¶…зә§з®ЎзҗҶе‘ҳ 0-еҗҰ 1-жҳҜ',
    `name`             varchar(32) CHARACTER SET utf8mb4 COLLATE utf8mb4_general_ci  NOT NULL DEFAULT '' COMMENT 'еҗҚз§°',
    `avatar`           varchar(255) CHARACTER SET utf8mb4 COLLATE utf8mb4_general_ci NOT NULL DEFAULT '' COMMENT 'з”ЁжҲ·еӨҙеғҸ',
    `account`          varchar(32) CHARACTER SET utf8mb4 COLLATE utf8mb4_general_ci  NOT NULL DEFAULT '' COMMENT 'иҙҰеҸ·',
    `password`         varchar(32) CHARACTER SET utf8mb4 COLLATE utf8mb4_general_ci  NOT NULL COMMENT 'еҜҶз Ғ',
    `login_time`       int(10)                                                       NULL     DEFAULT NULL COMMENT 'жңҖеҗҺзҷ»еҪ•ж—¶й—ҙ',
    `login_ip`         varchar(39) CHARACTER SET utf8mb4 COLLATE utf8mb4_general_ci  NULL     DEFAULT '' COMMENT 'жңҖеҗҺзҷ»еҪ•ip',
    `multipoint_login` tinyint(1) UNSIGNED                                           NULL     DEFAULT 1 COMMENT 'жҳҜеҗҰж”ҜжҢҒеӨҡеӨ„зҷ»еҪ•пјҡ1-жҳҜпјӣ0-еҗҰпјӣ',
    `disable`          tinyint(1) UNSIGNED                                           NULL     DEFAULT 0 COMMENT 'жҳҜеҗҰзҰҒз”Ёпјҡ0-еҗҰпјӣ1-жҳҜпјӣ',
    `create_time`      int(10)                                                       NOT NULL COMMENT 'еҲӣе»әж—¶й—ҙ',
    `update_time`      int(10)                                                       NULL     DEFAULT NULL COMMENT 'дҝ®ж”№ж—¶й—ҙ',
    `delete_time`      int(10)                                                       NULL     DEFAULT NULL COMMENT 'еҲ йҷӨж—¶й—ҙ',
    PRIMARY KEY (`id`) USING BTREE
) ENGINE = InnoDB
  AUTO_INCREMENT = 1
  CHARACTER SET = utf8mb4
  COLLATE = utf8mb4_general_ci COMMENT = 'з§ҹжҲ·з®ЎзҗҶе‘ҳиЎЁ'
  ROW_FORMAT = Dynamic;

-- ----------------------------
-- Table structure for la_tenant_admin_dept
-- ----------------------------
DROP TABLE IF EXISTS `la_tenant_admin_dept`;
CREATE TABLE `la_tenant_admin_dept`
(
    `admin_id` int(10) NOT NULL DEFAULT 0 COMMENT 'з®ЎзҗҶе‘ҳid',
    `dept_id`  int(10) NOT NULL DEFAULT 0 COMMENT 'йғЁй—Ёid',
    PRIMARY KEY (`admin_id`, `dept_id`) USING BTREE
) ENGINE = InnoDB
  CHARACTER SET = utf8mb4
  COLLATE = utf8mb4_general_ci COMMENT = 'йғЁй—Ёе…іиҒ”иЎЁ'
  ROW_FORMAT = Dynamic;

-- ----------------------------
-- Table structure for la_tenant_admin_jobs
-- ----------------------------
DROP TABLE IF EXISTS `la_tenant_admin_jobs`;
CREATE TABLE `la_tenant_admin_jobs`
(
    `admin_id` int(10) NOT NULL COMMENT 'з®ЎзҗҶе‘ҳid',
    `jobs_id`  int(10) NOT NULL COMMENT 'еІ—дҪҚid',
    PRIMARY KEY (`admin_id`, `jobs_id`) USING BTREE
) ENGINE = InnoDB
  CHARACTER SET = utf8mb4
  COLLATE = utf8mb4_general_ci COMMENT = 'еІ—дҪҚе…іиҒ”иЎЁ'
  ROW_FORMAT = Dynamic;

-- ----------------------------
-- Table structure for la_tenant_admin_role
-- ----------------------------
DROP TABLE IF EXISTS `la_tenant_admin_role`;
CREATE TABLE `la_tenant_admin_role`
(
    `admin_id` int(10) NOT NULL COMMENT 'з®ЎзҗҶе‘ҳid',
    `role_id`  int(10) NOT NULL COMMENT 'и§’иүІid',
    PRIMARY KEY (`admin_id`, `role_id`) USING BTREE
) ENGINE = InnoDB
  CHARACTER SET = utf8mb4
  COLLATE = utf8mb4_general_ci COMMENT = 'и§’иүІе…іиҒ”иЎЁ'
  ROW_FORMAT = Dynamic;

-- ----------------------------
-- Table structure for la_tenant_admin_session
-- ----------------------------
DROP TABLE IF EXISTS `la_tenant_admin_session`;
CREATE TABLE `la_tenant_admin_session`
(
    `id`          int(11) UNSIGNED                                             NOT NULL AUTO_INCREMENT,
    `admin_id`    int(11) UNSIGNED                                             NOT NULL COMMENT 'з§ҹжҲ·id',
    `terminal`    tinyint(1)                                                   NOT NULL DEFAULT 1 COMMENT 'е®ўжҲ·з«Ҝзұ»еһӢпјҡ1-pcз®ЎзҗҶеҗҺеҸ° 2-mobileжүӢжңәз®ЎзҗҶеҗҺеҸ°',
    `token`       varchar(32) CHARACTER SET utf8mb4 COLLATE utf8mb4_general_ci NOT NULL COMMENT 'д»ӨзүҢ',
    `update_time` int(10)                                                      NULL     DEFAULT NULL COMMENT 'жӣҙж–°ж—¶й—ҙ',
    `expire_time` int(10)                                                      NOT NULL COMMENT 'еҲ°жңҹж—¶й—ҙ',
    PRIMARY KEY (`id`) USING BTREE,
    UNIQUE INDEX `admin_id_client` (`admin_id`, `terminal`) USING BTREE COMMENT 'дёҖдёӘз”ЁжҲ·еңЁдёҖдёӘз»Ҳз«ҜеҸӘжңүдёҖдёӘtoken',
    UNIQUE INDEX `token` (`token`) USING BTREE COMMENT 'tokenжҳҜе”ҜдёҖзҡ„'
) ENGINE = InnoDB
  AUTO_INCREMENT = 1
  CHARACTER SET = utf8mb4
  COLLATE = utf8mb4_general_ci COMMENT = 'з®ЎзҗҶе‘ҳдјҡиҜқиЎЁ'
  ROW_FORMAT = Dynamic;

-- ----------------------------
-- Table structure for la_tenant_config
-- ----------------------------
DROP TABLE IF EXISTS `la_tenant_config`;
CREATE TABLE `la_tenant_config`
(
    `id`          int(11)                                                      NOT NULL AUTO_INCREMENT,
    `tenant_id`   int(11)                                                      NOT NULL COMMENT 'з§ҹжҲ·ID',
    `type`        varchar(30) CHARACTER SET utf8mb4 COLLATE utf8mb4_general_ci NULL     DEFAULT NULL COMMENT 'зұ»еһӢ',
    `name`        varchar(60) CHARACTER SET utf8mb4 COLLATE utf8mb4_general_ci NOT NULL DEFAULT '' COMMENT 'еҗҚз§°',
    `value`       text CHARACTER SET utf8mb4 COLLATE utf8mb4_general_ci        NULL COMMENT 'еҖј',
    `create_time` int(10)                                                      NULL     DEFAULT NULL COMMENT 'еҲӣе»әж—¶й—ҙ',
    `update_time` int(10)                                                      NULL     DEFAULT NULL COMMENT 'жӣҙж–°ж—¶й—ҙ',
    PRIMARY KEY (`id`) USING BTREE
) ENGINE = InnoDB
  AUTO_INCREMENT = 1
  CHARACTER SET = utf8mb4
  COLLATE = utf8mb4_general_ci COMMENT = 'й…ҚзҪ®иЎЁ'
  ROW_FORMAT = Dynamic;

-- ----------------------------
-- Table structure for la_tenant_dept
-- ----------------------------
DROP TABLE IF EXISTS `la_tenant_dept`;
CREATE TABLE `la_tenant_dept`
(
    `id`          int(11)                                                      NOT NULL AUTO_INCREMENT COMMENT 'id',
    `tenant_id`   int(11)                                                      NOT NULL COMMENT 'з§ҹжҲ·ID',
    `name`        varchar(30) CHARACTER SET utf8mb4 COLLATE utf8mb4_general_ci NOT NULL DEFAULT '' COMMENT 'йғЁй—ЁеҗҚз§°',
    `pid`         bigint(20)                                                   NOT NULL DEFAULT 0 COMMENT 'дёҠзә§йғЁй—Ёid',
    `sort`        int(11)                                                      NOT NULL DEFAULT 0 COMMENT 'жҺ’еәҸ',
    `leader`      varchar(64) CHARACTER SET utf8mb4 COLLATE utf8mb4_general_ci NULL     DEFAULT NULL COMMENT 'иҙҹиҙЈдәә',
    `mobile`      varchar(16) CHARACTER SET utf8mb4 COLLATE utf8mb4_general_ci NULL     DEFAULT NULL COMMENT 'иҒ”зі»з”өиҜқ',
    `status`      tinyint(1)                                                   NOT NULL DEFAULT 0 COMMENT 'йғЁй—ЁзҠ¶жҖҒпјҲ0еҒңз”Ё 1жӯЈеёёпјү',
    `create_time` int(10)                                                      NOT NULL COMMENT 'еҲӣе»әж—¶й—ҙ',
    `update_time` int(10)                                                      NULL     DEFAULT NULL COMMENT 'дҝ®ж”№ж—¶й—ҙ',
    `delete_time` int(10)                                                      NULL     DEFAULT NULL COMMENT 'еҲ йҷӨж—¶й—ҙ',
    PRIMARY KEY (`id`) USING BTREE
) ENGINE = InnoDB
  AUTO_INCREMENT = 2
  CHARACTER SET = utf8mb4
  COLLATE = utf8mb4_general_ci COMMENT = 'з§ҹжҲ·йғЁй—ЁиЎЁ'
  ROW_FORMAT = Dynamic;

-- ----------------------------
-- Table structure for la_tenant_goodscat
-- ----------------------------
DROP TABLE IF EXISTS `la_tenant_goodscat`;
CREATE TABLE `la_tenant_goodscat`
(
    `id`          int(11) UNSIGNED                                             NOT NULL AUTO_INCREMENT COMMENT 'дё»й”®',
    `tenant_id`   int(11) UNSIGNED                                             NOT NULL DEFAULT 0 COMMENT 'з§ҹжҲ·ID',
    `name`        varchar(64) CHARACTER SET utf8mb4 COLLATE utf8mb4_general_ci NOT NULL DEFAULT '' COMMENT 'еҲҶзұ»еҗҚз§°',
    `sort`        int(11)                                                      NOT NULL DEFAULT 0 COMMENT 'жҺ’еәҸ',
    `is_show`     tinyint(1)                                                   NOT NULL DEFAULT 0 COMMENT 'жҳҜеҗҰйҡҗи—Ҹпјҡ0-жҳҫзӨәпјӣ1-йҡҗи—Ҹ',
    `create_time` int(10)                                                      NULL     DEFAULT NULL COMMENT 'еҲӣе»әж—¶й—ҙ',
    `update_time` int(10)                                                      NULL     DEFAULT NULL COMMENT 'жӣҙж–°ж—¶й—ҙ',
    `delete_time` int(10)                                                      NULL     DEFAULT NULL COMMENT 'еҲ йҷӨж—¶й—ҙ',
    PRIMARY KEY (`id`) USING BTREE,
    INDEX `idx_tenant_show_sort` (`tenant_id`, `is_show`, `sort`, `id`) USING BTREE
) ENGINE = InnoDB
  CHARACTER SET = utf8mb4
  COLLATE = utf8mb4_general_ci COMMENT = 'з§ҹжҲ·е•Ҷе“ҒеҲҶзұ»иЎЁ'
  ROW_FORMAT = Dynamic;

-- ----------------------------
-- Records of la_tenant_dept
-- ----------------------------
BEGIN;
INSERT INTO `la_tenant_dept`
VALUES (1, 0, 'е…¬еҸё', 0, 0, 'boss', '12345698745', 1, 1650592684, 1653640368, NULL);
COMMIT;

-- ----------------------------
-- Table structure for la_tenant_file
-- ----------------------------
DROP TABLE IF EXISTS `la_tenant_file`;
CREATE TABLE `la_tenant_file`
(
    `id`          int(10) UNSIGNED                                              NOT NULL AUTO_INCREMENT COMMENT 'дё»й”®ID',
    `tenant_id`   int(11)                                                       NOT NULL COMMENT 'з§ҹжҲ·ID',
    `cid`         int(10) UNSIGNED                                              NOT NULL DEFAULT 0 COMMENT 'зұ»зӣ®ID',
    `source_id`   int(11) UNSIGNED                                              NOT NULL DEFAULT 0 COMMENT 'дёҠдј иҖ…id',
    `source`      tinyint(1)                                                    NOT NULL DEFAULT 0 COMMENT 'жқҘжәҗзұ»еһӢ[0-еҗҺеҸ°,1-з”ЁжҲ·]',
    `type`        tinyint(2) UNSIGNED                                           NOT NULL DEFAULT 10 COMMENT 'зұ»еһӢ[10=еӣҫзүҮ, 20=и§Ҷйў‘]',
    `name`        varchar(255) CHARACTER SET utf8mb4 COLLATE utf8mb4_general_ci NOT NULL DEFAULT '' COMMENT 'ж–Үд»¶еҗҚз§°',
    `uri`         varchar(200) CHARACTER SET utf8mb4 COLLATE utf8mb4_general_ci NOT NULL COMMENT 'ж–Үд»¶и·Ҝеҫ„',
    `create_time` int(10) UNSIGNED                                              NULL     DEFAULT NULL COMMENT 'еҲӣе»әж—¶й—ҙ',
    `update_time` int(10)                                                       NULL     DEFAULT NULL COMMENT 'жӣҙж–°ж—¶й—ҙ',
    `delete_time` int(10)                                                       NULL     DEFAULT NULL COMMENT 'еҲ йҷӨж—¶й—ҙ',
    PRIMARY KEY (`id`) USING BTREE
) ENGINE = InnoDB
  AUTO_INCREMENT = 1
  CHARACTER SET = utf8mb4
  COLLATE = utf8mb4_general_ci COMMENT = 'ж–Үд»¶иЎЁ'
  ROW_FORMAT = Dynamic;

-- ----------------------------
-- Table structure for la_tenant_file_cate
-- ----------------------------
DROP TABLE IF EXISTS `la_tenant_file_cate`;
CREATE TABLE `la_tenant_file_cate`
(
    `id`          int(10) UNSIGNED                                             NOT NULL AUTO_INCREMENT COMMENT 'дё»й”®ID',
    `tenant_id`   int(11)                                                      NOT NULL COMMENT 'з§ҹжҲ·ID',
    `pid`         int(10) UNSIGNED                                             NOT NULL DEFAULT 0 COMMENT 'зҲ¶зә§ID',
    `type`        tinyint(2) UNSIGNED                                          NOT NULL DEFAULT 10 COMMENT 'зұ»еһӢ[10=еӣҫзүҮпјҢ20=и§Ҷйў‘пјҢ30=ж–Үд»¶]',
    `name`        varchar(32) CHARACTER SET utf8mb4 COLLATE utf8mb4_general_ci NOT NULL DEFAULT '' COMMENT 'еҲҶзұ»еҗҚз§°',
    `create_time` int(10) UNSIGNED                                             NULL     DEFAULT NULL COMMENT 'еҲӣе»әж—¶й—ҙ',
    `update_time` int(10) UNSIGNED                                             NULL     DEFAULT NULL COMMENT 'жӣҙж–°ж—¶й—ҙ',
    `delete_time` int(10) UNSIGNED                                             NULL     DEFAULT NULL COMMENT 'еҲ йҷӨж—¶й—ҙ',
    PRIMARY KEY (`id`) USING BTREE
) ENGINE = InnoDB
  AUTO_INCREMENT = 1
  CHARACTER SET = utf8mb4
  COLLATE = utf8mb4_general_ci COMMENT = 'ж–Үд»¶еҲҶзұ»иЎЁ'
  ROW_FORMAT = Dynamic;

-- ----------------------------
-- Table structure for la_tenant_jobs
-- ----------------------------
DROP TABLE IF EXISTS `la_tenant_jobs`;
CREATE TABLE `la_tenant_jobs`
(
    `id`          int(11)                                                       NOT NULL AUTO_INCREMENT COMMENT 'id',
    `tenant_id`   int(11)                                                       NOT NULL COMMENT 'з§ҹжҲ·ID',
    `name`        varchar(50) CHARACTER SET utf8mb4 COLLATE utf8mb4_general_ci  NOT NULL COMMENT 'еІ—дҪҚеҗҚз§°',
    `code`        varchar(64) CHARACTER SET utf8mb4 COLLATE utf8mb4_general_ci  NOT NULL COMMENT 'еІ—дҪҚзј–з Ғ',
    `sort`        int(11)                                                       NULL     DEFAULT 0 COMMENT 'жҳҫзӨәйЎәеәҸ',
    `status`      tinyint(1)                                                    NOT NULL DEFAULT 0 COMMENT 'зҠ¶жҖҒпјҲ0еҒңз”Ё 1жӯЈеёёпјү',
    `remark`      varchar(500) CHARACTER SET utf8mb4 COLLATE utf8mb4_general_ci NULL     DEFAULT NULL COMMENT 'еӨҮжіЁ',
    `create_time` int(10)                                                       NOT NULL COMMENT 'еҲӣе»әж—¶й—ҙ',
    `update_time` int(10)                                                       NULL     DEFAULT NULL COMMENT 'дҝ®ж”№ж—¶й—ҙ',
    `delete_time` int(10)                                                       NULL     DEFAULT NULL COMMENT 'еҲ йҷӨж—¶й—ҙ',
    PRIMARY KEY (`id`) USING BTREE
) ENGINE = InnoDB
  AUTO_INCREMENT = 1
  CHARACTER SET = utf8mb4
  COLLATE = utf8mb4_general_ci COMMENT = 'еІ—дҪҚиЎЁ'
  ROW_FORMAT = Dynamic;

-- ----------------------------
-- Table structure for la_tenant_notice_record
-- ----------------------------
DROP TABLE IF EXISTS `la_tenant_notice_record`;
CREATE TABLE `la_tenant_notice_record`
(
    `id`          int(10) UNSIGNED                                              NOT NULL AUTO_INCREMENT COMMENT 'ID',
    `tenant_id`   int(11)                                                       NOT NULL COMMENT 'з§ҹжҲ·ID',
    `user_id`     int(10) UNSIGNED                                              NOT NULL COMMENT 'з”ЁжҲ·id',
    `title`       varchar(50) CHARACTER SET utf8mb4 COLLATE utf8mb4_general_ci  NOT NULL DEFAULT '' COMMENT 'ж Үйўҳ',
    `content`     text CHARACTER SET utf8mb4 COLLATE utf8mb4_general_ci         NOT NULL COMMENT 'еҶ…е®№',
    `scene_id`    int(10) UNSIGNED                                              NULL     DEFAULT 0 COMMENT 'еңәжҷҜ',
    `read`        tinyint(1)                                                    NULL     DEFAULT 0 COMMENT 'е·ІиҜ»зҠ¶жҖҒ;0-жңӘиҜ»,1-е·ІиҜ»',
    `recipient`   tinyint(1)                                                    NULL     DEFAULT 0 COMMENT 'йҖҡзҹҘжҺҘж”¶еҜ№иұЎзұ»еһӢ;1-дјҡе‘ҳ;2-е•Ҷе®¶;3-е№іеҸ°;4-жёёе®ў(жңӘжіЁеҶҢз”ЁжҲ·)',
    `send_type`   tinyint(1)                                                    NULL     DEFAULT 0 COMMENT 'йҖҡзҹҘеҸ‘йҖҒзұ»еһӢ 1-зі»з»ҹйҖҡзҹҘ 2-зҹӯдҝЎйҖҡзҹҘ 3-еҫ®дҝЎжЁЎжқҝ 4-еҫ®дҝЎе°ҸзЁӢеәҸ',
    `notice_type` tinyint(1)                                                    NULL     DEFAULT NULL COMMENT 'йҖҡзҹҘзұ»еһӢ 1-дёҡеҠЎйҖҡзҹҘ 2-йӘҢиҜҒз Ғ',
    `extra`       varchar(255) CHARACTER SET utf8mb4 COLLATE utf8mb4_general_ci NULL     DEFAULT '' COMMENT 'е…¶д»–',
    `create_time` int(10)                                                       NULL     DEFAULT NULL COMMENT 'еҲӣе»әж—¶й—ҙ',
    `update_time` int(10)                                                       NULL     DEFAULT NULL COMMENT 'жӣҙж–°ж—¶й—ҙ',
    `delete_time` int(10)                                                       NULL     DEFAULT NULL COMMENT 'еҲ йҷӨж—¶й—ҙ',
    PRIMARY KEY (`id`) USING BTREE
) ENGINE = InnoDB
  AUTO_INCREMENT = 1
  CHARACTER SET = utf8mb4
  COLLATE = utf8mb4_general_ci COMMENT = 'йҖҡзҹҘи®°еҪ•иЎЁ'
  ROW_FORMAT = Dynamic;

-- ----------------------------
-- Table structure for la_tenant_notice_setting
-- ----------------------------
DROP TABLE IF EXISTS `la_tenant_notice_setting`;
CREATE TABLE `la_tenant_notice_setting`
(
    `id`            int(11)                                                       NOT NULL AUTO_INCREMENT,
    `tenant_id`     int(11)                                                       NOT NULL COMMENT 'з§ҹжҲ·ID',
    `scene_id`      int(10)                                                       NOT NULL COMMENT 'еңәжҷҜid',
    `scene_name`    varchar(255) CHARACTER SET utf8mb4 COLLATE utf8mb4_general_ci NOT NULL DEFAULT '' COMMENT 'еңәжҷҜеҗҚз§°',
    `scene_desc`    varchar(255) CHARACTER SET utf8mb4 COLLATE utf8mb4_general_ci NOT NULL DEFAULT '' COMMENT 'еңәжҷҜжҸҸиҝ°',
    `recipient`     tinyint(1)                                                    NOT NULL DEFAULT 1 COMMENT 'жҺҘж”¶иҖ… 1-з”ЁжҲ· 2-е№іеҸ°',
    `type`          tinyint(1)                                                    NOT NULL DEFAULT 1 COMMENT 'йҖҡзҹҘзұ»еһӢ: 1-дёҡеҠЎйҖҡзҹҘ 2-йӘҢиҜҒз Ғ',
    `system_notice` text CHARACTER SET utf8mb4 COLLATE utf8mb4_general_ci         NULL COMMENT 'зі»з»ҹйҖҡзҹҘи®ҫзҪ®',
    `sms_notice`    text CHARACTER SET utf8mb4 COLLATE utf8mb4_general_ci         NULL COMMENT 'зҹӯдҝЎйҖҡзҹҘи®ҫзҪ®',
    `oa_notice`     text CHARACTER SET utf8mb4 COLLATE utf8mb4_general_ci         NULL COMMENT 'е…¬дј—еҸ·йҖҡзҹҘи®ҫзҪ®',
    `mnp_notice`    text CHARACTER SET utf8mb4 COLLATE utf8mb4_general_ci         NULL COMMENT 'е°ҸзЁӢеәҸйҖҡзҹҘи®ҫзҪ®',
    `support`       char(10) CHARACTER SET utf8mb4 COLLATE utf8mb4_general_ci     NOT NULL DEFAULT '' COMMENT 'ж”ҜжҢҒзҡ„еҸ‘йҖҒзұ»еһӢ 1-зі»з»ҹйҖҡзҹҘ 2-зҹӯдҝЎйҖҡзҹҘ 3-еҫ®дҝЎжЁЎжқҝж¶ҲжҒҜ 4-е°ҸзЁӢеәҸжҸҗйҶ’',
    `update_time`   int(10)                                                       NULL     DEFAULT NULL COMMENT 'жӣҙж–°ж—¶й—ҙ',
    PRIMARY KEY (`id`) USING BTREE
) ENGINE = InnoDB
  AUTO_INCREMENT = 6
  CHARACTER SET = utf8mb4
  COLLATE = utf8mb4_general_ci COMMENT = 'йҖҡзҹҘи®ҫзҪ®иЎЁ'
  ROW_FORMAT = Dynamic;

-- ----------------------------
-- Records of la_tenant_notice_setting
-- ----------------------------
BEGIN;
INSERT INTO `la_tenant_notice_setting`
VALUES (1, 0, 101, 'зҷ»еҪ•йӘҢиҜҒз Ғ', 'з”ЁжҲ·жүӢжңәеҸ·з Ғзҷ»еҪ•ж—¶еҸ‘йҖҒ', 1, 2,
        '{\"type\":\"system\",\"title\":\"\",\"content\":\"\",\"status\":\"0\",\"is_show\":\"\",\"tips\":[\"еҸҜйҖүеҸҳйҮҸ йӘҢиҜҒз Ғ:code\"]}',
        '{\"type\":\"sms\",\"template_id\":\"SMS_123456\",\"content\":\"жӮЁжӯЈеңЁзҷ»еҪ•пјҢйӘҢиҜҒз Ғ${code}пјҢеҲҮеӢҝе°ҶйӘҢиҜҒз Ғжі„йңІдәҺд»–дәәпјҢжң¬жқЎйӘҢиҜҒз Ғжңүж•Ҳжңҹ5еҲҶй’ҹгҖӮ\",\"status\":\"1\",\"is_show\":\"1\"}',
        '{\"type\":\"oa\",\"template_id\":\"\",\"template_sn\":\"\",\"name\":\"\",\"first\":\"\",\"remark\":\"\",\"tpl\":[],\"status\":\"0\",\"is_show\":\"\",\"tips\":[\"еҸҜйҖүеҸҳйҮҸ йӘҢиҜҒз Ғ:code\",\"й…ҚзҪ®и·Ҝеҫ„пјҡе°ҸзЁӢеәҸеҗҺеҸ° > еҠҹиғҪ > и®ўйҳ…ж¶ҲжҒҜ\"]}',
        '{\"type\":\"mnp\",\"template_id\":\"\",\"template_sn\":\"\",\"name\":\"\",\"tpl\":[],\"status\":\"0\",\"is_show\":\"\",\"tips\":[\"еҸҜйҖүеҸҳйҮҸ йӘҢиҜҒз Ғ:code\",\"й…ҚзҪ®и·Ҝеҫ„пјҡе°ҸзЁӢеәҸеҗҺеҸ° > еҠҹиғҪ > и®ўйҳ…ж¶ҲжҒҜ\"]}',
        '2', NULL);
INSERT INTO `la_tenant_notice_setting`
VALUES (2, 0, 102, 'з»‘е®ҡжүӢжңәйӘҢиҜҒз Ғ', 'з”ЁжҲ·з»‘е®ҡжүӢжңәеҸ·з Ғж—¶еҸ‘йҖҒ', 1, 2,
        '{\"type\":\"system\",\"title\":\"\",\"content\":\"\",\"status\":\"0\",\"is_show\":\"\"}',
        '{\"type\":\"sms\",\"template_id\":\"SMS_123456\",\"content\":\"жӮЁжӯЈеңЁз»‘е®ҡжүӢжңәеҸ·пјҢйӘҢиҜҒз Ғ${code}пјҢеҲҮеӢҝе°ҶйӘҢиҜҒз Ғжі„йңІдәҺд»–дәәпјҢжң¬жқЎйӘҢиҜҒз Ғжңүж•Ҳжңҹ5еҲҶй’ҹгҖӮ\",\"status\":\"1\",\"is_show\":\"1\"}',
        '{\"type\":\"oa\",\"template_id\":\"\",\"template_sn\":\"\",\"name\":\"\",\"first\":\"\",\"remark\":\"\",\"tpl\":[],\"status\":\"0\",\"is_show\":\"\"}',
        '{\"type\":\"mnp\",\"template_id\":\"\",\"template_sn\":\"\",\"name\":\"\",\"tpl\":[],\"status\":\"0\",\"is_show\":\"\"}',
        '2', NULL);
INSERT INTO `la_tenant_notice_setting`
VALUES (3, 0, 103, 'еҸҳжӣҙжүӢжңәйӘҢиҜҒз Ғ', 'з”ЁжҲ·еҸҳжӣҙжүӢжңәеҸ·з Ғж—¶еҸ‘йҖҒ', 1, 2,
        '{\"type\":\"system\",\"title\":\"\",\"content\":\"\",\"status\":\"0\",\"is_show\":\"\",\"tips\":[\"еҸҜйҖүеҸҳйҮҸ йӘҢиҜҒз Ғ:code\"]}',
        '{\"type\":\"sms\",\"template_id\":\"SMS_123456\",\"content\":\"жӮЁжӯЈеңЁеҸҳжӣҙжүӢжңәеҸ·пјҢйӘҢиҜҒз Ғ${code}пјҢеҲҮеӢҝе°ҶйӘҢиҜҒз Ғжі„йңІдәҺд»–дәәпјҢжң¬жқЎйӘҢиҜҒз Ғжңүж•Ҳжңҹ5еҲҶй’ҹгҖӮ\",\"status\":\"1\",\"is_show\":\"1\"}',
        '{\"type\":\"oa\",\"template_id\":\"\",\"template_sn\":\"\",\"name\":\"\",\"first\":\"\",\"remark\":\"\",\"tpl\":[],\"status\":\"0\",\"is_show\":\"\",\"tips\":[\"еҸҜйҖүеҸҳйҮҸ йӘҢиҜҒз Ғ:code\",\"й…ҚзҪ®и·Ҝеҫ„пјҡе°ҸзЁӢеәҸеҗҺеҸ° > еҠҹиғҪ > и®ўйҳ…ж¶ҲжҒҜ\"]}',
        '{\"type\":\"mnp\",\"template_id\":\"\",\"template_sn\":\"\",\"name\":\"\",\"tpl\":[],\"status\":\"0\",\"is_show\":\"\",\"tips\":[\"еҸҜйҖүеҸҳйҮҸ йӘҢиҜҒз Ғ:code\",\"й…ҚзҪ®и·Ҝеҫ„пјҡе°ҸзЁӢеәҸеҗҺеҸ° > еҠҹиғҪ > и®ўйҳ…ж¶ҲжҒҜ\"]}',
        '2', NULL);
INSERT INTO `la_tenant_notice_setting`
VALUES (4, 0, 104, 'жүҫеӣһзҷ»еҪ•еҜҶз ҒйӘҢиҜҒз Ғ', 'з”ЁжҲ·жүҫеӣһзҷ»еҪ•еҜҶз ҒеҸ·з Ғж—¶еҸ‘йҖҒ', 1, 2,
        '{\"type\":\"system\",\"title\":\"\",\"content\":\"\",\"status\":\"0\",\"is_show\":\"\",\"tips\":[\"еҸҜйҖүеҸҳйҮҸ йӘҢиҜҒз Ғ:code\"]}',
        '{\"type\":\"sms\",\"template_id\":\"SMS_123456\",\"content\":\"жӮЁжӯЈеңЁжүҫеӣһзҷ»еҪ•еҜҶз ҒпјҢйӘҢиҜҒз Ғ${code}пјҢеҲҮеӢҝе°ҶйӘҢиҜҒз Ғжі„йңІдәҺд»–дәәпјҢжң¬жқЎйӘҢиҜҒз Ғжңүж•Ҳжңҹ5еҲҶй’ҹгҖӮ\",\"status\":\"0\",\"is_show\":\"1\",\"tips\":[\"еҸҜйҖүеҸҳйҮҸ йӘҢиҜҒз Ғ:code\",\"зӨәдҫӢпјҡжӮЁжӯЈеңЁжүҫеӣһзҷ»еҪ•еҜҶз ҒпјҢйӘҢиҜҒз Ғ${code}пјҢеҲҮеӢҝе°ҶйӘҢиҜҒз Ғжі„йңІдәҺд»–дәәпјҢжң¬жқЎйӘҢиҜҒз Ғжңүж•Ҳжңҹ5еҲҶй’ҹгҖӮ\",\"з”ҹж•ҲжқЎд»¶пјҡ1гҖҒз®ЎзҗҶеҗҺеҸ°е®ҢжҲҗзҹӯдҝЎи®ҫзҪ®гҖӮ 2гҖҒз¬¬дёүж–№зҹӯдҝЎе№іеҸ°з”іиҜ·жЁЎжқҝгҖӮ\"]}',
        '{\"type\":\"oa\",\"template_id\":\"\",\"template_sn\":\"\",\"name\":\"\",\"first\":\"\",\"remark\":\"\",\"tpl\":[],\"status\":\"0\",\"is_show\":\"\",\"tips\":[\"еҸҜйҖүеҸҳйҮҸ йӘҢиҜҒз Ғ:code\",\"й…ҚзҪ®и·Ҝеҫ„пјҡе°ҸзЁӢеәҸеҗҺеҸ° > еҠҹиғҪ > и®ўйҳ…ж¶ҲжҒҜ\"]}',
        '{\"type\":\"mnp\",\"template_id\":\"\",\"template_sn\":\"\",\"name\":\"\",\"tpl\":[],\"status\":\"0\",\"is_show\":\"\",\"tips\":[\"еҸҜйҖүеҸҳйҮҸ йӘҢиҜҒз Ғ:code\",\"й…ҚзҪ®и·Ҝеҫ„пјҡе°ҸзЁӢеәҸеҗҺеҸ° > еҠҹиғҪ > и®ўйҳ…ж¶ҲжҒҜ\"]}',
        '2', NULL);
INSERT INTO `la_tenant_notice_setting`
VALUES (5, 0, 105, 'жіЁеҶҢйӘҢиҜҒз Ғ', 'з”ЁжҲ·жіЁеҶҢиҙҰеҸ·ж—¶еҸ‘йҖҒ', 1, 2,
        '{\"type\":\"system\",\"title\":\"\",\"content\":\"\",\"status\":\"0\",\"is_show\":\"\",\"tips\":[\"еҸҜйҖүеҸҳйҮҸ йӘҢиҜҒз Ғ:code\"]}',
        '{\"type\":\"sms\",\"template_id\":\"SMS_175615071\",\"content\":\"йӘҢиҜҒз Ғ${code}пјҢжӮЁжӯЈеңЁжіЁеҶҢжҲҗдёәж–°з”ЁжҲ·пјҢж„ҹи°ўжӮЁзҡ„ж”ҜжҢҒпјҒ\",\"status\":\"1\",\"is_show\":\"1\",\"tips\":[\"еҸҜйҖүеҸҳйҮҸ йӘҢиҜҒз Ғ:code\",\"зӨәдҫӢпјҡжӮЁжӯЈеңЁз”іиҜ·жіЁеҶҢпјҢйӘҢиҜҒз Ғ${code}пјҢеҲҮеӢҝе°ҶйӘҢиҜҒз Ғжі„йңІдәҺд»–дәәпјҢжң¬жқЎйӘҢиҜҒз Ғжңүж•Ҳжңҹ5еҲҶй’ҹгҖӮ\",\"з”ҹж•ҲжқЎд»¶пјҡ1гҖҒз®ЎзҗҶеҗҺеҸ°е®ҢжҲҗзҹӯдҝЎи®ҫзҪ®гҖӮ 2гҖҒз¬¬дёүж–№зҹӯдҝЎе№іеҸ°з”іиҜ·жЁЎжқҝгҖӮ\"]}',
        '{\"type\":\"oa\",\"template_id\":\"\",\"template_sn\":\"\",\"name\":\"\",\"first\":\"\",\"remark\":\"\",\"tpl\":[],\"status\":\"0\",\"is_show\":\"\",\"tips\":[\"еҸҜйҖүеҸҳйҮҸ йӘҢиҜҒз Ғ:code\",\"й…ҚзҪ®и·Ҝеҫ„пјҡе°ҸзЁӢеәҸеҗҺеҸ° > еҠҹиғҪ > и®ўйҳ…ж¶ҲжҒҜ\"]}',
        '{\"type\":\"mnp\",\"template_id\":\"\",\"template_sn\":\"\",\"name\":\"\",\"tpl\":[],\"status\":\"0\",\"is_show\":\"\",\"tips\":[\"еҸҜйҖүеҸҳйҮҸ йӘҢиҜҒз Ғ:code\",\"й…ҚзҪ®и·Ҝеҫ„пјҡе°ҸзЁӢеәҸеҗҺеҸ° > еҠҹиғҪ > и®ўйҳ…ж¶ҲжҒҜ\"]}',
        '2', NULL);
COMMIT;

-- ----------------------------
-- Table structure for la_tenant_pay_config
-- ----------------------------
DROP TABLE IF EXISTS `la_tenant_pay_config`;
CREATE TABLE `la_tenant_pay_config`
(
    `id`        int(11) UNSIGNED                                              NOT NULL AUTO_INCREMENT,
    `tenant_id` int(11)                                                       NOT NULL COMMENT 'з§ҹжҲ·ID',
    `name`      varchar(32) CHARACTER SET utf8mb4 COLLATE utf8mb4_general_ci  NOT NULL DEFAULT '' COMMENT 'жЁЎзүҲеҗҚз§°',
    `pay_way`   tinyint(1)                                                    NOT NULL COMMENT 'ж”Ҝд»ҳж–№ејҸ:1-дҪҷйўқж”Ҝд»ҳ;2-еҫ®дҝЎж”Ҝд»ҳ;3-ж”Ҝд»ҳе®қж”Ҝд»ҳ;',
    `config`    text CHARACTER SET utf8mb4 COLLATE utf8mb4_general_ci         NULL COMMENT 'еҜ№еә”ж”Ҝд»ҳй…ҚзҪ®(jsonеӯ—з¬ҰдёІ)',
    `icon`      varchar(255) CHARACTER SET utf8mb4 COLLATE utf8mb4_general_ci NULL     DEFAULT NULL COMMENT 'еӣҫж Ү',
    `sort`      int(5)                                                        NULL     DEFAULT NULL COMMENT 'жҺ’еәҸ',
    `remark`    varchar(255) CHARACTER SET utf8mb4 COLLATE utf8mb4_general_ci NULL     DEFAULT NULL COMMENT 'еӨҮжіЁ',
    PRIMARY KEY (`id`) USING BTREE
) ENGINE = InnoDB
  AUTO_INCREMENT = 4
  CHARACTER SET = utf8mb4
  COLLATE = utf8mb4_general_ci COMMENT = 'ж”Ҝд»ҳй…ҚзҪ®иЎЁ'
  ROW_FORMAT = Dynamic;

-- ----------------------------
-- Records of la_tenant_pay_config
-- ----------------------------
BEGIN;
INSERT INTO `la_tenant_pay_config`
VALUES (1, 0, 'дҪҷйўқж”Ҝд»ҳ', 1, '', 'resource/image/common/balance_pay.png', 128, 'дҪҷйўқж”Ҝд»ҳеӨҮжіЁ');
INSERT INTO `la_tenant_pay_config`
VALUES (2, 0, 'еҫ®дҝЎж”Ҝд»ҳ', 2,
        '{\"interface_version\":\"v3\",\"merchant_type\":\"ordinary_merchant\",\"mch_id\":\"\",\"pay_sign_key\":\"\",\"apiclient_cert\":\"\",\"apiclient_key\":\"\"}',
        '/resource/image/common/wechat_pay.png', 123, 'еҫ®дҝЎж”Ҝд»ҳеӨҮжіЁ');
INSERT INTO `la_tenant_pay_config`
VALUES (3, 0, 'ж”Ҝд»ҳе®қж”Ҝд»ҳ', 3,
        '{\"mode\":\"normal_mode\",\"merchant_type\":\"ordinary_merchant\",\"app_id\":\"\",\"private_key\":\"\",\"ali_public_key\":\"\"}',
        '/resource/image/common/ali_pay.png', 123, 'ж”Ҝд»ҳе®қж”Ҝд»ҳ');
COMMIT;

-- ----------------------------
-- Table structure for la_tenant_pay_way
-- ----------------------------
DROP TABLE IF EXISTS `la_tenant_pay_way`;
CREATE TABLE `la_tenant_pay_way`
(
    `id`            int(11) UNSIGNED NOT NULL AUTO_INCREMENT,
    `tenant_id`     int(11)          NOT NULL COMMENT 'з§ҹжҲ·ID',
    `pay_config_id` int(11)          NOT NULL COMMENT 'ж”Ҝд»ҳй…ҚзҪ®ID',
    `scene`         tinyint(1)       NOT NULL COMMENT 'еңәжҷҜ:1-еҫ®дҝЎе°ҸзЁӢеәҸ;2-еҫ®дҝЎе…¬дј—еҸ·;3-H5;4-PC;5-APP;',
    `is_default`    tinyint(1)       NOT NULL DEFAULT 0 COMMENT 'жҳҜеҗҰй»ҳи®Өж”Ҝд»ҳ:0-еҗҰ;1-жҳҜ;',
    `status`        tinyint(1)       NOT NULL DEFAULT 1 COMMENT 'зҠ¶жҖҒ:0-е…ій—ӯ;1-ејҖеҗҜ;',
    PRIMARY KEY (`id`) USING BTREE
) ENGINE = InnoDB
  AUTO_INCREMENT = 8
  CHARACTER SET = utf8mb4
  COLLATE = utf8mb4_general_ci COMMENT = 'ж”Ҝд»ҳж–№ејҸиЎЁ'
  ROW_FORMAT = Dynamic;

-- ----------------------------
-- Table structure for la_tenant_sms_log
-- ----------------------------
DROP TABLE IF EXISTS `la_tenant_sms_log`;
CREATE TABLE `la_tenant_sms_log`
(
    `id`          int(11) NOT NULL AUTO_INCREMENT COMMENT 'id',
    `tenant_id`   int(11) NOT NULL COMMENT 'з§ҹжҲ·ID',
    `scene_id`    int(11) NOT NULL COMMENT 'еңәжҷҜid',
    `mobile`      varchar(11)  NOT NULL COMMENT 'жүӢжңәеҸ·з Ғ',
    `content`     varchar(255) NOT NULL COMMENT 'еҸ‘йҖҒеҶ…е®№',
    `code`        varchar(32) DEFAULT NULL COMMENT 'еҸ‘йҖҒе…ій”®еӯ—пјҲжіЁеҶҢгҖҒжүҫеӣһеҜҶз Ғпјү',
    `is_verify`   tinyint(1) DEFAULT '0' COMMENT 'жҳҜеҗҰе·ІйӘҢиҜҒпјӣ0-еҗҰпјӣ1-жҳҜ',
    `check_num`   int(5) DEFAULT '0' COMMENT 'йӘҢиҜҒж¬Ўж•°',
    `send_status` tinyint(1) NOT NULL COMMENT 'еҸ‘йҖҒзҠ¶жҖҒпјҡ0-еҸ‘йҖҒдёӯпјӣ1-еҸ‘йҖҒжҲҗеҠҹпјӣ2-еҸ‘йҖҒеӨұиҙҘ',
    `send_time`   int(10) NOT NULL COMMENT 'еҸ‘йҖҒж—¶й—ҙ',
    `results`     text COMMENT 'зҹӯдҝЎз»“жһң',
    `create_time` int(10) DEFAULT NULL COMMENT 'еҲӣе»әж—¶й—ҙ',
    `update_time` int(10) DEFAULT NULL COMMENT 'жӣҙж–°ж—¶й—ҙ',
    `delete_time` int(10) DEFAULT NULL COMMENT 'еҲ йҷӨж—¶й—ҙ',
    PRIMARY KEY (`id`) USING BTREE
) ENGINE=InnoDB AUTO_INCREMENT=1 DEFAULT CHARSET=utf8mb4 ROW_FORMAT=DYNAMIC COMMENT='з§ҹжҲ·зҹӯдҝЎи®°еҪ•иЎЁ';

-- ----------------------------
-- Records of la_tenant_pay_way
-- ----------------------------
BEGIN;
INSERT INTO `la_tenant_pay_way`
VALUES (1, 0, 1, 1, 0, 1);
INSERT INTO `la_tenant_pay_way`
VALUES (2, 0, 2, 1, 1, 1);
INSERT INTO `la_tenant_pay_way`
VALUES (3, 0, 1, 2, 0, 1);
INSERT INTO `la_tenant_pay_way`
VALUES (4, 0, 2, 2, 1, 1);
INSERT INTO `la_tenant_pay_way`
VALUES (5, 0, 1, 3, 0, 1);
INSERT INTO `la_tenant_pay_way`
VALUES (6, 0, 2, 3, 1, 1);
INSERT INTO `la_tenant_pay_way`
VALUES (7, 0, 3, 3, 0, 1);
COMMIT;

-- ----------------------------
-- Table structure for la_tenant_system_menu
-- ----------------------------
DROP TABLE IF EXISTS `la_tenant_system_menu`;
CREATE TABLE `la_tenant_system_menu`
(
    `id`          int(10) UNSIGNED                                              NOT NULL AUTO_INCREMENT COMMENT 'дё»й”®',
    `tenant_id`   int(11)                                                       NOT NULL COMMENT 'з§ҹжҲ·ID',
    `pid`         int(10) UNSIGNED                                              NOT NULL DEFAULT 0 COMMENT 'дёҠзә§иҸңеҚ•',
    `type`        char(2) CHARACTER SET utf8mb4 COLLATE utf8mb4_general_ci      NOT NULL DEFAULT '' COMMENT 'жқғйҷҗзұ»еһӢ: M=зӣ®еҪ•пјҢC=иҸңеҚ•пјҢA=жҢүй’®',
    `name`        varchar(100) CHARACTER SET utf8mb4 COLLATE utf8mb4_general_ci NOT NULL DEFAULT '' COMMENT 'иҸңеҚ•еҗҚз§°',
    `icon`        varchar(100) CHARACTER SET utf8mb4 COLLATE utf8mb4_general_ci NOT NULL DEFAULT '' COMMENT 'иҸңеҚ•еӣҫж Ү',
    `sort`        smallint(5) UNSIGNED                                          NOT NULL DEFAULT 0 COMMENT 'иҸңеҚ•жҺ’еәҸ',
    `perms`       varchar(100) CHARACTER SET utf8mb4 COLLATE utf8mb4_general_ci NOT NULL DEFAULT '' COMMENT 'жқғйҷҗж ҮиҜҶ',
    `paths`       varchar(100) CHARACTER SET utf8mb4 COLLATE utf8mb4_general_ci NOT NULL DEFAULT '' COMMENT 'и·Ҝз”ұең°еқҖ',
    `component`   varchar(200) CHARACTER SET utf8mb4 COLLATE utf8mb4_general_ci NOT NULL DEFAULT '' COMMENT 'еүҚз«Ҝз»„д»¶',
    `selected`    varchar(200) CHARACTER SET utf8mb4 COLLATE utf8mb4_general_ci NOT NULL DEFAULT '' COMMENT 'йҖүдёӯи·Ҝеҫ„',
    `params`      varchar(200) CHARACTER SET utf8mb4 COLLATE utf8mb4_general_ci NOT NULL DEFAULT '' COMMENT 'и·Ҝз”ұеҸӮж•°',
    `is_cache`    tinyint(1) UNSIGNED                                           NOT NULL DEFAULT 0 COMMENT 'жҳҜеҗҰзј“еӯҳ: 0=еҗҰ, 1=жҳҜ',
    `is_show`     tinyint(1) UNSIGNED                                           NOT NULL DEFAULT 1 COMMENT 'жҳҜеҗҰжҳҫзӨә: 0=еҗҰ, 1=жҳҜ',
    `is_disable`  tinyint(1) UNSIGNED                                           NOT NULL DEFAULT 0 COMMENT 'жҳҜеҗҰзҰҒз”Ё: 0=еҗҰ, 1=жҳҜ',
    `create_time` int(10) UNSIGNED                                              NOT NULL DEFAULT 0 COMMENT 'еҲӣе»әж—¶й—ҙ',
    `update_time` int(10) UNSIGNED                                              NOT NULL DEFAULT 0 COMMENT 'жӣҙж–°ж—¶й—ҙ',
    PRIMARY KEY (`id`) USING BTREE
) ENGINE = InnoDB
  AUTO_INCREMENT = 178
  CHARACTER SET = utf8mb4
  COLLATE = utf8mb4_general_ci COMMENT = 'зі»з»ҹиҸңеҚ•иЎЁ'
  ROW_FORMAT = Dynamic;

-- ----------------------------
-- Records of la_tenant_system_menu
-- ----------------------------
BEGIN;
INSERT INTO `la_tenant_system_menu`
VALUES (4, 0, 0, 'M', 'жқғйҷҗз®ЎзҗҶ', 'el-icon-Lock', 300, '', 'permission', '', '', '', 0, 1, 0, 1656664556, 1710472802);
INSERT INTO `la_tenant_system_menu`
VALUES (5, 0, 0, 'C', 'е·ҘдҪңеҸ°', 'el-icon-Monitor', 1000, 'workbench/index', 'workbench', 'workbench/index', '', '', 0,
        1, 0, 1656664793, 1664354981);
INSERT INTO `la_tenant_system_menu`
VALUES (6, 0, 4, 'C', 'иҸңеҚ•', 'el-icon-Operation', 100, 'auth.menu/lists', 'menu', 'permission/menu/index', '', '', 1,
        1, 0, 1656664960, 1710472994);
INSERT INTO `la_tenant_system_menu`
VALUES (7, 0, 4, 'C', 'з®ЎзҗҶе‘ҳ', 'local-icon-shouyiren', 80, 'auth.admin/lists', 'admin', 'permission/admin/index', '',
        '', 0, 1, 0, 1656901567, 1710473013);
INSERT INTO `la_tenant_system_menu`
VALUES (8, 0, 4, 'C', 'и§’иүІ', 'el-icon-Female', 90, 'auth.role/lists', 'role', 'permission/role/index', '', '', 0, 1, 0,
        1656901660, 1710473000);
INSERT INTO `la_tenant_system_menu`
VALUES (12, 0, 8, 'A', 'ж–°еўһ', '', 1, 'auth.role/add', '', '', '', '', 0, 1, 0, 1657001790, 1663750625);
INSERT INTO `la_tenant_system_menu`
VALUES (14, 0, 8, 'A', 'зј–иҫ‘', '', 1, 'auth.role/edit', '', '', '', '', 0, 1, 0, 1657001924, 1663750631);
INSERT INTO `la_tenant_system_menu`
VALUES (15, 0, 8, 'A', 'еҲ йҷӨ', '', 1, 'auth.role/delete', '', '', '', '', 0, 1, 0, 1657001982, 1663750637);
INSERT INTO `la_tenant_system_menu`
VALUES (16, 0, 6, 'A', 'ж–°еўһ', '', 1, 'auth.menu/add', '', '', '', '', 0, 1, 0, 1657072523, 1663750565);
INSERT INTO `la_tenant_system_menu`
VALUES (17, 0, 6, 'A', 'зј–иҫ‘', '', 1, 'auth.menu/edit', '', '', '', '', 0, 1, 0, 1657073955, 1663750570);
INSERT INTO `la_tenant_system_menu`
VALUES (18, 0, 6, 'A', 'еҲ йҷӨ', '', 1, 'auth.menu/delete', '', '', '', '', 0, 1, 0, 1657073987, 1663750578);
INSERT INTO `la_tenant_system_menu`
VALUES (19, 0, 7, 'A', 'ж–°еўһ', '', 1, 'auth.admin/add', '', '', '', '', 0, 1, 0, 1657074035, 1663750596);
INSERT INTO `la_tenant_system_menu`
VALUES (20, 0, 7, 'A', 'зј–иҫ‘', '', 1, 'auth.admin/edit', '', '', '', '', 0, 1, 0, 1657074071, 1663750603);
INSERT INTO `la_tenant_system_menu`
VALUES (21, 0, 7, 'A', 'еҲ йҷӨ', '', 1, 'auth.admin/delete', '', '', '', '', 0, 1, 0, 1657074108, 1663750609);
INSERT INTO `la_tenant_system_menu`
VALUES (25, 0, 0, 'M', 'з»„з»Үз®ЎзҗҶ', 'el-icon-OfficeBuilding', 400, '', 'organization', '', '', '', 0, 1, 0, 1657099914,
        1710472797);
INSERT INTO `la_tenant_system_menu`
VALUES (26, 0, 25, 'C', 'йғЁй—Ёз®ЎзҗҶ', 'el-icon-Coordinate', 100, 'dept.dept/lists', 'department',
        'organization/department/index', '', '', 1, 1, 0, 1657099989, 1710472962);
INSERT INTO `la_tenant_system_menu`
VALUES (27, 0, 25, 'C', 'еІ—дҪҚз®ЎзҗҶ', 'el-icon-PriceTag', 90, 'dept.jobs/lists', 'post', 'organization/post/index', '',
        '', 0, 1, 0, 1657100044, 1710472967);
INSERT INTO `la_tenant_system_menu`
VALUES (28, 0, 0, 'M', 'зі»з»ҹи®ҫзҪ®', 'el-icon-Setting', 200, '', 'setting', '', '', '', 0, 1, 0, 1657100164, 1710472807);
INSERT INTO `la_tenant_system_menu`
VALUES (29, 0, 28, 'M', 'зҪ‘з«ҷи®ҫзҪ®', 'el-icon-Basketball', 100, '', 'website', '', '', '', 0, 1, 0, 1657100230,
        1710473049);
INSERT INTO `la_tenant_system_menu`
VALUES (30, 0, 29, 'C', 'зҪ‘з«ҷдҝЎжҒҜ', '', 1, 'setting.web.web_setting/getWebsite', 'information',
        'setting/website/information', '', '', 0, 1, 0, 1657100306, 1657164412);
INSERT INTO `la_tenant_system_menu`
VALUES (31, 0, 29, 'C', 'зҪ‘з«ҷеӨҮжЎҲ', '', 1, 'setting.web.web_setting/getCopyright', 'filing', 'setting/website/filing',
        '', '', 0, 1, 0, 1657100434, 1657164723);
INSERT INTO `la_tenant_system_menu`
VALUES (32, 0, 29, 'C', 'ж”ҝзӯ–еҚҸи®®', '', 1, 'setting.web.web_setting/getAgreement', 'protocol',
        'setting/website/protocol', '', '', 0, 1, 0, 1657100571, 1657164770);
INSERT INTO `la_tenant_system_menu`
VALUES (35, 0, 28, 'M', 'зі»з»ҹз»ҙжҠӨ', 'el-icon-SetUp', 50, '', 'system', '', '', '', 0, 1, 0, 1657161569, 1710473122);
INSERT INTO `la_tenant_system_menu`
VALUES (37, 0, 35, 'C', 'зі»з»ҹзј“еӯҳ', '', 80, '', 'cache', 'setting/system/cache', '', '', 0, 1, 0, 1657161896,
        1710473258);
INSERT INTO `la_tenant_system_menu`
VALUES (45, 0, 26, 'A', 'ж–°еўһ', '', 1, 'dept.dept/add', '', '', '', '', 0, 1, 0, 1657163548, 1663750492);
INSERT INTO `la_tenant_system_menu`
VALUES (46, 0, 26, 'A', 'зј–иҫ‘', '', 1, 'dept.dept/edit', '', '', '', '', 0, 1, 0, 1657163599, 1663750498);
INSERT INTO `la_tenant_system_menu`
VALUES (47, 0, 26, 'A', 'еҲ йҷӨ', '', 1, 'dept.dept/delete', '', '', '', '', 0, 1, 0, 1657163687, 1663750504);
INSERT INTO `la_tenant_system_menu`
VALUES (48, 0, 27, 'A', 'ж–°еўһ', '', 1, 'dept.jobs/add', '', '', '', '', 0, 1, 0, 1657163778, 1663750524);
INSERT INTO `la_tenant_system_menu`
VALUES (49, 0, 27, 'A', 'зј–иҫ‘', '', 1, 'dept.jobs/edit', '', '', '', '', 0, 1, 0, 1657163800, 1663750530);
INSERT INTO `la_tenant_system_menu`
VALUES (50, 0, 27, 'A', 'еҲ йҷӨ', '', 1, 'dept.jobs/delete', '', '', '', '', 0, 1, 0, 1657163820, 1663750535);
INSERT INTO `la_tenant_system_menu`
VALUES (51, 0, 30, 'A', 'дҝқеӯҳ', '', 1, 'setting.web.web_setting/setWebsite', '', '', '', '', 0, 1, 0, 1657164469,
        1663750649);
INSERT INTO `la_tenant_system_menu`
VALUES (52, 0, 31, 'A', 'дҝқеӯҳ', '', 1, 'setting.web.web_setting/setCopyright', '', '', '', '', 0, 1, 0, 1657164692,
        1663750657);
INSERT INTO `la_tenant_system_menu`
VALUES (53, 0, 32, 'A', 'дҝқеӯҳ', '', 1, 'setting.web.web_setting/setAgreement', '', '', '', '', 0, 1, 0, 1657164824,
        1663750665);
INSERT INTO `la_tenant_system_menu`
VALUES (61, 0, 37, 'A', 'жё…йҷӨзі»з»ҹзј“еӯҳ', '', 1, 'setting.system.cache/clear', '', '', '', '', 0, 1, 0, 1657173837,
        1657173939);
INSERT INTO `la_tenant_system_menu`
VALUES (63, 0, 158, 'M', 'зҙ жқҗз®ЎзҗҶ', 'el-icon-Picture', 0, '', 'material', '', '', '', 0, 1, 0, 1657507133, 1710472243);
INSERT INTO `la_tenant_system_menu`
VALUES (64, 0, 63, 'C', 'зҙ жқҗдёӯеҝғ', 'el-icon-PictureRounded', 0, '', 'index', 'material/index', '', '', 0, 1, 0,
        1657507296, 1664355653);
INSERT INTO `la_tenant_system_menu`
VALUES (66, 0, 26, 'A', 'иҜҰжғ…', '', 0, 'dept.dept/detail', '', '', '', '', 0, 1, 0, 1663725459, 1663750516);
INSERT INTO `la_tenant_system_menu`
VALUES (67, 0, 27, 'A', 'иҜҰжғ…', '', 0, 'dept.jobs/detail', '', '', '', '', 0, 1, 0, 1663725514, 1663750559);
INSERT INTO `la_tenant_system_menu`
VALUES (68, 0, 6, 'A', 'иҜҰжғ…', '', 0, 'auth.menu/detail', '', '', '', '', 0, 1, 0, 1663725564, 1663750584);
INSERT INTO `la_tenant_system_menu`
VALUES (69, 0, 7, 'A', 'иҜҰжғ…', '', 0, 'auth.admin/detail', '', '', '', '', 0, 1, 0, 1663725623, 1663750615);
INSERT INTO `la_tenant_system_menu`
VALUES (70, 0, 158, 'M', 'ж–Үз« иө„и®Ҝ', 'el-icon-ChatLineSquare', 90, '', 'article', '', '', '', 0, 1, 0, 1663749965,
        1710471867);
INSERT INTO `la_tenant_system_menu`
VALUES (71, 0, 70, 'C', 'ж–Үз« з®ЎзҗҶ', 'el-icon-ChatDotSquare', 0, 'article.article/lists', 'lists', 'article/lists/index',
        '', '', 0, 1, 0, 1663750101, 1664354615);
INSERT INTO `la_tenant_system_menu`
VALUES (72, 0, 70, 'C', 'ж–Үз« ж·»еҠ /зј–иҫ‘', '', 0, 'article.article/add:edit', 'lists/edit', 'article/lists/edit',
        '/article/lists', '', 0, 0, 0, 1663750153, 1664356275);
INSERT INTO `la_tenant_system_menu`
VALUES (73, 0, 70, 'C', 'ж–Үз« ж Ҹзӣ®', 'el-icon-CollectionTag', 0, 'article.articleCate/lists', 'column',
        'article/column/index', '', '', 1, 1, 0, 1663750287, 1664354678);
INSERT INTO `la_tenant_system_menu`
VALUES (74, 0, 71, 'A', 'ж–°еўһ', '', 0, 'article.article/add', '', '', '', '', 0, 1, 0, 1663750335, 1663750335);
INSERT INTO `la_tenant_system_menu`
VALUES (75, 0, 71, 'A', 'иҜҰжғ…', '', 0, 'article.article/detail', '', '', '', '', 0, 1, 0, 1663750354, 1663750383);
INSERT INTO `la_tenant_system_menu`
VALUES (76, 0, 71, 'A', 'еҲ йҷӨ', '', 0, 'article.article/delete', '', '', '', '', 0, 1, 0, 1663750413, 1663750413);
INSERT INTO `la_tenant_system_menu`
VALUES (77, 0, 71, 'A', 'дҝ®ж”№зҠ¶жҖҒ', '', 0, 'article.article/updateStatus', '', '', '', '', 0, 1, 0, 1663750442,
        1663750442);
INSERT INTO `la_tenant_system_menu`
VALUES (78, 0, 73, 'A', 'ж·»еҠ ', '', 0, 'article.articleCate/add', '', '', '', '', 0, 1, 0, 1663750483, 1663750483);
INSERT INTO `la_tenant_system_menu`
VALUES (79, 0, 73, 'A', 'еҲ йҷӨ', '', 0, 'article.articleCate/delete', '', '', '', '', 0, 1, 0, 1663750895, 1663750895);
INSERT INTO `la_tenant_system_menu`
VALUES (80, 0, 73, 'A', 'иҜҰжғ…', '', 0, 'article.articleCate/detail', '', '', '', '', 0, 1, 0, 1663750913, 1663750913);
INSERT INTO `la_tenant_system_menu`
VALUES (81, 0, 73, 'A', 'дҝ®ж”№зҠ¶жҖҒ', '', 0, 'article.articleCate/updateStatus', '', '', '', '', 0, 1, 0, 1663750936,
        1663750936);
INSERT INTO `la_tenant_system_menu`
VALUES (82, 0, 0, 'M', 'жё йҒ“и®ҫзҪ®', 'el-icon-Message', 500, '', 'channel', '', '', '', 0, 1, 0, 1663754084, 1710472649);
INSERT INTO `la_tenant_system_menu`
VALUES (83, 0, 82, 'C', 'h5и®ҫзҪ®', 'el-icon-Cellphone', 100, 'channel.web_page_setting/getConfig', 'h5', 'channel/h5',
        '', '', 0, 1, 0, 1663754158, 1710472929);
INSERT INTO `la_tenant_system_menu`
VALUES (84, 0, 83, 'A', 'дҝқеӯҳ', '', 0, 'channel.web_page_setting/setConfig', '', '', '', '', 0, 1, 0, 1663754259,
        1663754259);
INSERT INTO `la_tenant_system_menu`
VALUES (85, 0, 82, 'M', 'еҫ®дҝЎе…¬дј—еҸ·', 'local-icon-dingdan', 80, '', 'wx_oa', '', '', '', 0, 1, 0, 1663755470,
        1710472946);
INSERT INTO `la_tenant_system_menu`
VALUES (86, 0, 85, 'C', 'е…¬дј—еҸ·й…ҚзҪ®', '', 0, 'channel.official_account_setting/getConfig', 'config',
        'channel/wx_oa/config', '', '', 0, 1, 0, 1663755663, 1664355450);
INSERT INTO `la_tenant_system_menu`
VALUES (87, 0, 85, 'C', 'иҸңеҚ•з®ЎзҗҶ', '', 0, 'channel.official_account_menu/detail', 'menu', 'channel/wx_oa/menu', '', '',
        0, 1, 0, 1663755767, 1664355456);
INSERT INTO `la_tenant_system_menu`
VALUES (88, 0, 86, 'A', 'дҝқеӯҳ', '', 0, 'channel.official_account_setting/setConfig', '', '', '', '', 0, 1, 0,
        1663755799, 1663755799);
INSERT INTO `la_tenant_system_menu`
VALUES (89, 0, 86, 'A', 'дҝқеӯҳе№¶еҸ‘еёғ', '', 0, 'channel.official_account_menu/save', '', '', '', '', 0, 1, 0, 1663756490,
        1663756490);
INSERT INTO `la_tenant_system_menu`
VALUES (90, 0, 85, 'C', 'е…іжіЁеӣһеӨҚ', '', 0, 'channel.official_account_reply/lists', 'follow',
        'channel/wx_oa/reply/follow_reply', '', '', 0, 1, 0, 1663818358, 1663818366);
INSERT INTO `la_tenant_system_menu`
VALUES (91, 0, 85, 'C', 'е…ій”®еӯ—еӣһеӨҚ', '', 0, '', 'keyword', 'channel/wx_oa/reply/keyword_reply', '', '', 0, 1, 0,
        1663818445, 1663818445);
INSERT INTO `la_tenant_system_menu`
VALUES (93, 0, 85, 'C', 'й»ҳи®ӨеӣһеӨҚ', '', 0, '', 'default', 'channel/wx_oa/reply/default_reply', '', '', 0, 1, 0,
        1663818580, 1663818580);
INSERT INTO `la_tenant_system_menu`
VALUES (94, 0, 82, 'C', 'еҫ®дҝЎе°ҸзЁӢеәҸ', 'local-icon-weixin', 90, 'channel.mnp_settings/getConfig', 'weapp',
        'channel/weapp', '', '', 0, 1, 0, 1663831396, 1710472941);
INSERT INTO `la_tenant_system_menu`
VALUES (95, 0, 94, 'A', 'дҝқеӯҳ', '', 0, 'channel.mnp_settings/setConfig', '', '', '', '', 0, 1, 0, 1663831436,
        1663831436);
INSERT INTO `la_tenant_system_menu`
VALUES (96, 0, 0, 'M', 'иЈ…дҝ®з®ЎзҗҶ', 'el-icon-Brush', 600, '', 'decoration', '', '', '', 0, 1, 0, 1663834825, 1710472099);
INSERT INTO `la_tenant_system_menu`
VALUES (97, 0, 175, 'C', 'йЎөйқўиЈ…дҝ®', 'el-icon-CopyDocument', 100, 'decorate.page/detail', 'pages',
        'decoration/pages/index', '', '', 0, 1, 0, 1663834879, 1710929256);
INSERT INTO `la_tenant_system_menu`
VALUES (98, 0, 97, 'A', 'дҝқеӯҳ', '', 0, 'decorate.page/save', '', '', '', '', 0, 1, 0, 1663834956, 1663834956);
INSERT INTO `la_tenant_system_menu`
VALUES (99, 0, 175, 'C', 'еә•йғЁеҜјиҲӘ', 'el-icon-Position', 90, 'decorate.tabbar/detail', 'tabbar', 'decoration/tabbar',
        '', '', 0, 1, 0, 1663835004, 1710929262);
INSERT INTO `la_tenant_system_menu`
VALUES (100, 0, 99, 'A', 'дҝқеӯҳ', '', 0, 'decorate.tabbar/save', '', '', '', '', 0, 1, 0, 1663835018, 1663835018);
INSERT INTO `la_tenant_system_menu`
VALUES (101, 0, 158, 'M', 'ж¶ҲжҒҜз®ЎзҗҶ', 'el-icon-ChatDotRound', 80, '', 'message', '', '', '', 0, 1, 0, 1663838602,
        1710471874);
INSERT INTO `la_tenant_system_menu`
VALUES (102, 0, 101, 'C', 'йҖҡзҹҘи®ҫзҪ®', '', 0, 'notice.notice/settingLists', 'notice', 'message/notice/index', '', '', 0,
        1, 0, 1663839195, 1663839195);
INSERT INTO `la_tenant_system_menu`
VALUES (103, 0, 102, 'A', 'иҜҰжғ…', '', 0, 'notice.notice/detail', '', '', '', '', 0, 1, 0, 1663839537, 1663839537);
INSERT INTO `la_tenant_system_menu`
VALUES (104, 0, 101, 'C', 'йҖҡзҹҘи®ҫзҪ®зј–иҫ‘', '', 0, 'notice.notice/set', 'notice/edit', 'message/notice/edit',
        '/message/notice', '', 0, 0, 0, 1663839873, 1663898477);
INSERT INTO `la_tenant_system_menu`
VALUES (105, 0, 71, 'A', 'зј–иҫ‘', '', 0, 'article.article/edit', '', '', '', '', 0, 1, 0, 1663840043, 1663840053);
INSERT INTO `la_tenant_system_menu`
VALUES (107, 0, 101, 'C', 'зҹӯдҝЎи®ҫзҪ®', '', 0, 'notice.sms_config/getConfig', 'short_letter',
        'message/short_letter/index', '', '', 0, 1, 0, 1663898591, 1664355708);
INSERT INTO `la_tenant_system_menu`
VALUES (108, 0, 107, 'A', 'и®ҫзҪ®', '', 0, 'notice.sms_config/setConfig', '', '', '', '', 0, 1, 0, 1663898644,
        1663898644);
INSERT INTO `la_tenant_system_menu`
VALUES (109, 0, 107, 'A', 'иҜҰжғ…', '', 0, 'notice.sms_config/detail', '', '', '', '', 0, 1, 0, 1663898661, 1663898661);
INSERT INTO `la_tenant_system_menu`
VALUES (110, 0, 28, 'C', 'зғӯй—Ёжҗңзҙў', 'el-icon-Search', 60, 'setting.hot_search/getConfig', 'search',
        'setting/search/index', '', '', 0, 1, 0, 1663901821, 1710473109);
INSERT INTO `la_tenant_system_menu`
VALUES (111, 0, 110, 'A', 'дҝқеӯҳ', '', 0, 'setting.hot_search/setConfig', '', '', '', '', 0, 1, 0, 1663901856,
        1663901856);
INSERT INTO `la_tenant_system_menu`
VALUES (112, 0, 28, 'M', 'з”ЁжҲ·и®ҫзҪ®', 'local-icon-keziyuyue', 90, '', 'user', '', '', '', 0, 1, 0, 1663903302,
        1710473056);
INSERT INTO `la_tenant_system_menu`
VALUES (113, 0, 112, 'C', 'з”ЁжҲ·и®ҫзҪ®', '', 0, 'setting.user.user/getConfig', 'setup', 'setting/user/setup', '', '', 0, 1,
        0, 1663903506, 1663903506);
INSERT INTO `la_tenant_system_menu`
VALUES (114, 0, 113, 'A', 'дҝқеӯҳ', '', 0, 'setting.user.user/setConfig', '', '', '', '', 0, 1, 0, 1663903522,
        1663903522);
INSERT INTO `la_tenant_system_menu`
VALUES (115, 0, 112, 'C', 'зҷ»еҪ•жіЁеҶҢ', '', 0, 'setting.user.user/getRegisterConfig', 'login_register',
        'setting/user/login_register', '', '', 0, 1, 0, 1663903832, 1663903832);
INSERT INTO `la_tenant_system_menu`
VALUES (116, 0, 115, 'A', 'дҝқеӯҳ', '', 0, 'setting.user.user/setRegisterConfig', '', '', '', '', 0, 1, 0, 1663903852,
        1663903852);
INSERT INTO `la_tenant_system_menu`
VALUES (117, 0, 0, 'M', 'з”ЁжҲ·з®ЎзҗҶ', 'el-icon-User', 900, '', 'consumer', '', '', '', 0, 1, 0, 1663904351, 1710472074);
INSERT INTO `la_tenant_system_menu`
VALUES (118, 0, 117, 'C', 'з”ЁжҲ·еҲ—иЎЁ', 'local-icon-user_guanli', 100, 'user.user/lists', 'lists', 'consumer/lists/index',
        '', '', 0, 1, 0, 1663904392, 1710471845);
INSERT INTO `la_tenant_system_menu`
VALUES (119, 0, 117, 'C', 'з”ЁжҲ·иҜҰжғ…', '', 90, 'user.user/detail', 'lists/detail', 'consumer/lists/detail',
        '/consumer/lists', '', 0, 0, 0, 1663904470, 1710471851);
INSERT INTO `la_tenant_system_menu`
VALUES (120, 0, 119, 'A', 'зј–иҫ‘', '', 0, 'user.user/edit', '', '', '', '', 0, 1, 0, 1663904499, 1663904499);
INSERT INTO `la_tenant_system_menu`
VALUES (140, 0, 82, 'C', 'еҫ®дҝЎејҖж”ҫе№іеҸ°', 'local-icon-notice_buyer', 70, 'channel.open_setting/getConfig',
        'open_setting', 'channel/open_setting', '', '', 0, 1, 0, 1666085713, 1710472951);
INSERT INTO `la_tenant_system_menu`
VALUES (141, 0, 140, 'A', 'дҝқеӯҳ', '', 0, 'channel.open_setting/setConfig', '', '', '', '', 0, 1, 0, 1666085751,
        1666085776);
INSERT INTO `la_tenant_system_menu`
VALUES (142, 0, 176, 'C', 'PCз«ҜиЈ…дҝ®', 'el-icon-Monitor', 8, '', 'pc', 'decoration/pc', '', '', 0, 1, 0, 1668423284,
        1710901602);
INSERT INTO `la_tenant_system_menu`
VALUES (148, 0, 0, 'M', 'жЁЎжқҝзӨәдҫӢ', 'el-icon-SetUp', 100, '', 'template', '', '', '', 0, 1, 0, 1670206819, 1710472811);
INSERT INTO `la_tenant_system_menu`
VALUES (149, 0, 148, 'M', 'з»„д»¶зӨәдҫӢ', 'el-icon-Coin', 0, '', 'component', '', '', '', 0, 1, 0, 1670207182, 1670207244);
INSERT INTO `la_tenant_system_menu`
VALUES (150, 0, 149, 'C', 'еҜҢж–Үжң¬', '', 90, '', 'rich_text', 'template/component/rich_text', '', '', 0, 1, 0,
        1670207751, 1710473315);
INSERT INTO `la_tenant_system_menu`
VALUES (151, 0, 149, 'C', 'дёҠдј ж–Үд»¶', '', 80, '', 'upload', 'template/component/upload', '', '', 0, 1, 0, 1670208925,
        1710473322);
INSERT INTO `la_tenant_system_menu`
VALUES (152, 0, 149, 'C', 'еӣҫж Ү', '', 100, '', 'icon', 'template/component/icon', '', '', 0, 1, 0, 1670230069,
        1710473306);
INSERT INTO `la_tenant_system_menu`
VALUES (153, 0, 149, 'C', 'ж–Үд»¶йҖүжӢ©еҷЁ', '', 60, '', 'file', 'template/component/file', '', '', 0, 1, 0, 1670232129,
        1710473341);
INSERT INTO `la_tenant_system_menu`
VALUES (154, 0, 149, 'C', 'й“ҫжҺҘйҖүжӢ©еҷЁ', '', 50, '', 'link', 'template/component/link', '', '', 0, 1, 0, 1670292636,
        1710473346);
INSERT INTO `la_tenant_system_menu`
VALUES (155, 0, 149, 'C', 'и¶…еҮәиҮӘеҠЁжү“зӮ№', '', 40, '', 'overflow', 'template/component/overflow', '', '', 0, 1, 0,
        1670292883, 1710473351);
INSERT INTO `la_tenant_system_menu`
VALUES (156, 0, 149, 'C', 'жӮ¬жө®input', '', 70, '', 'popover_input', 'template/component/popover_input', '', '', 0, 1, 0,
        1670293336, 1710473329);
INSERT INTO `la_tenant_system_menu`
VALUES (157, 0, 119, 'A', 'дҪҷйўқи°ғж•ҙ', '', 0, 'user.user/adjustMoney', '', '', '', '', 0, 1, 0, 1677143088, 1677143088);
INSERT INTO `la_tenant_system_menu`
VALUES (158, 0, 0, 'M', 'еә”з”Ёз®ЎзҗҶ', 'el-icon-Postcard', 800, '', 'app', '', '', '', 0, 1, 0, 1677143430, 1710472079);
INSERT INTO `la_tenant_system_menu`
VALUES (159, 0, 158, 'C', 'з”ЁжҲ·е……еҖј', 'local-icon-fukuan', 100, 'recharge.recharge/getConfig', 'recharge',
        'app/recharge/index', '', '', 0, 1, 0, 1677144284, 1710471860);
INSERT INTO `la_tenant_system_menu`
VALUES (160, 0, 159, 'A', 'дҝқеӯҳ', '', 0, 'recharge.recharge/setConfig', '', '', '', '', 0, 1, 0, 1677145012,
        1677145012);
INSERT INTO `la_tenant_system_menu`
VALUES (161, 0, 28, 'M', 'ж”Ҝд»ҳи®ҫзҪ®', 'local-icon-set_pay', 80, '', 'pay', '', '', '', 0, 1, 0, 1677148075, 1710473061);
INSERT INTO `la_tenant_system_menu`
VALUES (162, 0, 161, 'C', 'ж”Ҝд»ҳж–№ејҸ', '', 0, 'setting.pay.pay_way/getPayWay', 'method', 'setting/pay/method/index', '',
        '', 0, 1, 0, 1677148207, 1677148207);
INSERT INTO `la_tenant_system_menu`
VALUES (163, 0, 161, 'C', 'ж”Ҝд»ҳй…ҚзҪ®', '', 0, 'setting.pay.pay_config/lists', 'config', 'setting/pay/config/index', '',
        '', 0, 1, 0, 1677148260, 1677148374);
INSERT INTO `la_tenant_system_menu`
VALUES (164, 0, 162, 'A', 'и®ҫзҪ®ж”Ҝд»ҳж–№ејҸ', '', 0, 'setting.pay.pay_way/setPayWay', '', '', '', '', 0, 1, 0, 1677219624,
        1677219624);
INSERT INTO `la_tenant_system_menu`
VALUES (165, 0, 163, 'A', 'й…ҚзҪ®', '', 0, 'setting.pay.pay_config/setConfig', '', '', '', '', 0, 1, 0, 1677219655,
        1677219655);
INSERT INTO `la_tenant_system_menu`
VALUES (166, 0, 0, 'M', 'иҙўеҠЎз®ЎзҗҶ', 'local-icon-user_gaikuang', 700, '', 'finance', '', '', '', 0, 1, 0, 1677552269,
        1710472085);
INSERT INTO `la_tenant_system_menu`
VALUES (167, 0, 166, 'C', 'е……еҖји®°еҪ•', 'el-icon-Wallet', 90, 'recharge.recharge/lists', 'recharge_record',
        'finance/recharge_record', '', '', 0, 1, 0, 1677552757, 1710472902);
INSERT INTO `la_tenant_system_menu`
VALUES (168, 0, 166, 'C', 'дҪҷйўқжҳҺз»Ҷ', 'local-icon-qianbao', 100, 'finance.account_log/lists', 'balance_details',
        'finance/balance_details', '', '', 0, 1, 0, 1677552976, 1710472894);
INSERT INTO `la_tenant_system_menu`
VALUES (169, 0, 167, 'A', 'йҖҖж¬ҫ', '', 0, 'recharge.recharge/refund', '', '', '', '', 0, 1, 0, 1677809715, 1677809715);
INSERT INTO `la_tenant_system_menu`
VALUES (170, 0, 166, 'C', 'йҖҖж¬ҫи®°еҪ•', 'local-icon-heshoujilu', 0, 'finance.refund/record', 'refund_record',
        'finance/refund_record', '', '', 0, 1, 0, 1677811271, 1677811271);
INSERT INTO `la_tenant_system_menu`
VALUES (171, 0, 170, 'A', 'йҮҚж–°йҖҖж¬ҫ', '', 0, 'recharge.recharge/refundAgain', '', '', '', '', 0, 1, 0, 1677811295,
        1677811295);
INSERT INTO `la_tenant_system_menu`
VALUES (172, 0, 170, 'A', 'йҖҖж¬ҫж—Ҙеҝ—', '', 0, 'finance.refund/log', '', '', '', '', 0, 1, 0, 1677811361, 1677811361);
INSERT INTO `la_tenant_system_menu`
VALUES (173, 0, 175, 'C', 'зі»з»ҹйЈҺж ј', 'el-icon-Brush', 80, '', 'style', 'decoration/style/style', '', '', 0, 1, 0,
        1681635044, 1710929278);
INSERT INTO `la_tenant_system_menu`
VALUES (175, 0, 96, 'M', 'з§»еҠЁз«Ҝ', '', 100, '', 'mobile', '', '', '', 0, 1, 0, 1710901543, 1710929294);
INSERT INTO `la_tenant_system_menu`
VALUES (176, 0, 96, 'M', 'PCз«Ҝ', '', 90, '', 'pc', '', '', '', 0, 1, 0, 1710901592, 1710929299);
INSERT INTO `la_tenant_system_menu`
VALUES (177, 0,29, 'C', 'з«ҷзӮ№з»ҹи®Ў', '', 0, 'setting.web.web_setting/getSiteStatistics', 'statistics', 'setting/website/statistics', '', '', 0, 1, 0, 1726841481, 1726843434);
INSERT INTO `la_tenant_system_menu`
VALUES (178, 0,177, 'A', 'дҝқеӯҳ', '', 0, 'setting.web.web_setting/saveSiteStatistics', '', '', '', '', 1, 1, 0, 1726841507, 1726841507);
COMMIT;

-- ----------------------------
-- Table structure for la_tenant_system_role
-- ----------------------------
DROP TABLE IF EXISTS `la_tenant_system_role`;
CREATE TABLE `la_tenant_system_role`
(
    `id`          int(11) UNSIGNED                                             NOT NULL AUTO_INCREMENT,
    `tenant_id`   int(11)                                                      NOT NULL COMMENT 'з§ҹжҲ·ID',
    `name`        varchar(16) CHARACTER SET utf8mb4 COLLATE utf8mb4_general_ci NOT NULL DEFAULT '' COMMENT 'еҗҚз§°',
    `desc`        varchar(128) CHARACTER SET utf8 COLLATE utf8_general_ci      NOT NULL DEFAULT '' COMMENT 'жҸҸиҝ°',
    `sort`        int(11)                                                      NULL     DEFAULT 0 COMMENT 'жҺ’еәҸ',
    `create_time` int(10)                                                      NULL     DEFAULT NULL COMMENT 'еҲӣе»әж—¶й—ҙ',
    `update_time` int(10)                                                      NULL     DEFAULT NULL COMMENT 'жӣҙж–°ж—¶й—ҙ',
    `delete_time` int(10)                                                      NULL     DEFAULT NULL COMMENT 'еҲ йҷӨж—¶й—ҙ',
    PRIMARY KEY (`id`) USING BTREE
) ENGINE = InnoDB
  AUTO_INCREMENT = 1
  CHARACTER SET = utf8mb4
  COLLATE = utf8mb4_general_ci COMMENT = 'и§’иүІиЎЁ'
  ROW_FORMAT = Dynamic;

-- ----------------------------
-- Table structure for la_tenant_system_role_menu
-- ----------------------------
DROP TABLE IF EXISTS `la_tenant_system_role_menu`;
CREATE TABLE `la_tenant_system_role_menu`
(
    `role_id` int(10) UNSIGNED NOT NULL DEFAULT 0 COMMENT 'и§’иүІID',
    `menu_id` int(10) UNSIGNED NOT NULL DEFAULT 0 COMMENT 'иҸңеҚ•ID',
    PRIMARY KEY (`role_id`, `menu_id`) USING BTREE
) ENGINE = InnoDB
  CHARACTER SET = utf8mb4
  COLLATE = utf8mb4_general_ci COMMENT = 'и§’иүІиҸңеҚ•е…ізі»иЎЁ'
  ROW_FORMAT = Dynamic;

-- ----------------------------
-- Table structure for la_user
-- ----------------------------
DROP TABLE IF EXISTS `la_user`;
CREATE TABLE `la_user`
(
    `id`                    int(10) UNSIGNED                                              NOT NULL AUTO_INCREMENT COMMENT 'дё»й”®',
    `tenant_id`             int(11)                                                       NOT NULL COMMENT 'з§ҹжҲ·ID',
    `sn`                    int(10) UNSIGNED                                              NOT NULL DEFAULT 0 COMMENT 'зј–еҸ·',
    `avatar`                varchar(200) CHARACTER SET utf8mb4 COLLATE utf8mb4_general_ci NOT NULL DEFAULT '' COMMENT 'еӨҙеғҸ',
    `real_name`             varchar(32) CHARACTER SET utf8mb4 COLLATE utf8mb4_general_ci  NOT NULL DEFAULT '' COMMENT 'зңҹе®һе§“еҗҚ',
    `nickname`              varchar(32) CHARACTER SET utf8mb4 COLLATE utf8mb4_general_ci  NOT NULL DEFAULT '' COMMENT 'з”ЁжҲ·жҳөз§°',
    `account`               varchar(32) CHARACTER SET utf8mb4 COLLATE utf8mb4_general_ci  NOT NULL DEFAULT '' COMMENT 'з”ЁжҲ·иҙҰеҸ·',
    `password`              varchar(32) CHARACTER SET utf8mb4 COLLATE utf8mb4_general_ci  NOT NULL DEFAULT '' COMMENT 'з”ЁжҲ·еҜҶз Ғ',
    `mobile`                varchar(32) CHARACTER SET utf8mb4 COLLATE utf8mb4_general_ci  NOT NULL DEFAULT '' COMMENT 'з”ЁжҲ·з”өиҜқ',
    `sex`                   tinyint(1) UNSIGNED                                           NOT NULL DEFAULT 0 COMMENT 'з”ЁжҲ·жҖ§еҲ«: [1=з”·, 2=еҘі]',
    `channel`               tinyint(1) UNSIGNED                                           NOT NULL DEFAULT 0 COMMENT 'жіЁеҶҢжё йҒ“: [1-еҫ®дҝЎе°ҸзЁӢеәҸ 2-еҫ®дҝЎе…¬дј—еҸ· 3-жүӢжңәH5 4-з”өи„‘PC 5-иӢ№жһңAPP 6-е®үеҚ“APP]',
    `is_disable`            tinyint(1) UNSIGNED                                           NOT NULL DEFAULT 0 COMMENT 'жҳҜеҗҰзҰҒз”Ё: [0=еҗҰ, 1=жҳҜ]',
    `login_ip`              varchar(200) CHARACTER SET utf8mb4 COLLATE utf8mb4_general_ci NOT NULL DEFAULT '' COMMENT 'жңҖеҗҺзҷ»еҪ•IP',
    `login_time`            int(10) UNSIGNED                                              NOT NULL DEFAULT 0 COMMENT 'жңҖеҗҺзҷ»еҪ•ж—¶й—ҙ',
    `is_new_user`           tinyint(1)                                                    NOT NULL DEFAULT 0 COMMENT 'жҳҜеҗҰжҳҜж–°жіЁеҶҢз”ЁжҲ·: [1-жҳҜ, 0-еҗҰ]',
    `user_money`            decimal(10, 2) UNSIGNED                                       NULL     DEFAULT 0.00 COMMENT 'з”ЁжҲ·дҪҷйўқ',
    `total_recharge_amount` decimal(10, 2) UNSIGNED                                       NULL     DEFAULT 0.00 COMMENT 'зҙҜи®Ўе……еҖј',
    `create_time`           int(10) UNSIGNED                                              NOT NULL DEFAULT 0 COMMENT 'еҲӣе»әж—¶й—ҙ',
    `update_time`           int(10) UNSIGNED                                              NOT NULL DEFAULT 0 COMMENT 'жӣҙж–°ж—¶й—ҙ',
    `delete_time`           int(10) UNSIGNED                                              NULL     DEFAULT NULL COMMENT 'еҲ йҷӨж—¶й—ҙ',
    PRIMARY KEY (`id`) USING BTREE,
    UNIQUE INDEX `sn` (`sn`) USING BTREE COMMENT 'зј–еҸ·е”ҜдёҖ',
    UNIQUE INDEX `account` (`account`) USING BTREE COMMENT 'иҙҰеҸ·е”ҜдёҖ'
) ENGINE = InnoDB
  AUTO_INCREMENT = 1
  CHARACTER SET = utf8mb4
  COLLATE = utf8mb4_general_ci COMMENT = 'з”ЁжҲ·иЎЁ'
  ROW_FORMAT = Dynamic;

-- ----------------------------
-- Table structure for la_user_account_log
-- ----------------------------
DROP TABLE IF EXISTS `la_user_account_log`;
CREATE TABLE `la_user_account_log`
(
    `id`            int(11) UNSIGNED                                              NOT NULL AUTO_INCREMENT,
    `tenant_id`     int(11)                                                       NOT NULL COMMENT 'з§ҹжҲ·ID',
    `sn`            varchar(32) CHARACTER SET utf8mb4 COLLATE utf8mb4_general_ci  NOT NULL DEFAULT '' COMMENT 'жөҒж°ҙеҸ·',
    `user_id`       int(11)                                                       NOT NULL COMMENT 'з”ЁжҲ·id',
    `change_object` tinyint(1)                                                    NOT NULL DEFAULT 0 COMMENT 'еҸҳеҠЁеҜ№иұЎ',
    `change_type`   smallint(5)                                                   NOT NULL COMMENT 'еҸҳеҠЁзұ»еһӢ',
    `action`        tinyint(1)                                                    NOT NULL DEFAULT 0 COMMENT 'еҠЁдҪң 1-еўһеҠ  2-еҮҸе°‘',
    `change_amount` decimal(10, 2)                                                NOT NULL COMMENT 'еҸҳеҠЁж•°йҮҸ',
    `left_amount`   decimal(10, 2)                                                NOT NULL DEFAULT 100.00 COMMENT 'еҸҳеҠЁеҗҺж•°йҮҸ',
    `source_sn`     varchar(255) CHARACTER SET utf8mb4 COLLATE utf8mb4_general_ci NULL     DEFAULT NULL COMMENT 'е…іиҒ”еҚ•еҸ·',
    `remark`        varchar(255) CHARACTER SET utf8mb4 COLLATE utf8mb4_general_ci NULL     DEFAULT '' COMMENT 'еӨҮжіЁ',
    `extra`         text CHARACTER SET utf8mb4 COLLATE utf8mb4_general_ci         NULL COMMENT 'йў„з•ҷжү©еұ•еӯ—ж®ө',
    `create_time`   int(10)                                                       NULL     DEFAULT NULL COMMENT 'еҲӣе»әж—¶й—ҙ',
    `update_time`   int(10)                                                       NULL     DEFAULT NULL COMMENT 'жӣҙж–°ж—¶й—ҙ',
    `delete_time`   int(10)                                                       NULL     DEFAULT NULL COMMENT 'еҲ йҷӨж—¶й—ҙ',
    PRIMARY KEY (`id`) USING BTREE
) ENGINE = InnoDB
  AUTO_INCREMENT = 1
  CHARACTER SET = utf8mb4
  COLLATE = utf8mb4_general_ci COMMENT = 'з”ЁжҲ·иҙҰжҲ·еҸҳеҠЁи®°еҪ•иЎЁ'
  ROW_FORMAT = Dynamic;

-- ----------------------------
-- Table structure for la_user_auth
-- ----------------------------
DROP TABLE IF EXISTS `la_user_auth`;
CREATE TABLE `la_user_auth`
(
    `id`          int(11)                                                       NOT NULL AUTO_INCREMENT,
    `tenant_id`   int(11)                                                       NOT NULL COMMENT 'з§ҹжҲ·ID',
    `user_id`     int(11)                                                       NOT NULL COMMENT 'з”ЁжҲ·id',
    `openid`      varchar(128) CHARACTER SET utf8mb4 COLLATE utf8mb4_general_ci NOT NULL COMMENT 'еҫ®дҝЎopenid',
    `unionid`     varchar(128) CHARACTER SET utf8mb4 COLLATE utf8mb4_general_ci NULL     DEFAULT '' COMMENT 'еҫ®дҝЎunionid',
    `terminal`    tinyint(1)                                                    NOT NULL DEFAULT 1 COMMENT 'е®ўжҲ·з«Ҝзұ»еһӢпјҡ1-еҫ®дҝЎе°ҸзЁӢеәҸпјӣ2-еҫ®дҝЎе…¬дј—еҸ·пјӣ3-жүӢжңәH5пјӣ4-з”өи„‘PCпјӣ5-иӢ№жһңAPPпјӣ6-е®үеҚ“APP',
    `create_time` int(10)                                                       NULL     DEFAULT NULL COMMENT 'еҲӣе»әж—¶й—ҙ',
    `update_time` int(10)                                                       NULL     DEFAULT NULL COMMENT 'жӣҙж–°ж—¶й—ҙ',
    PRIMARY KEY (`id`) USING BTREE,
    UNIQUE INDEX `openid` (`openid`) USING BTREE
) ENGINE = InnoDB
  AUTO_INCREMENT = 1
  CHARACTER SET = utf8mb4
  COLLATE = utf8mb4_general_ci COMMENT = 'з”ЁжҲ·жҺҲжқғиЎЁ'
  ROW_FORMAT = Dynamic;

-- ----------------------------
-- Table structure for la_user_session
-- ----------------------------
DROP TABLE IF EXISTS `la_user_session`;
CREATE TABLE `la_user_session`
(
    `id`          int(11)                                                      NOT NULL AUTO_INCREMENT,
    `tenant_id`   int(11)                                                      NOT NULL COMMENT 'з§ҹжҲ·ID',
    `user_id`     int(11)                                                      NOT NULL COMMENT 'з”ЁжҲ·id',
    `terminal`    tinyint(1)                                                   NOT NULL DEFAULT 1 COMMENT 'е®ўжҲ·з«Ҝзұ»еһӢпјҡ1-еҫ®дҝЎе°ҸзЁӢеәҸпјӣ2-еҫ®дҝЎе…¬дј—еҸ·пјӣ3-жүӢжңәH5пјӣ4-з”өи„‘PCпјӣ5-иӢ№жһңAPPпјӣ6-е®үеҚ“APP',
    `token`       varchar(32) CHARACTER SET utf8mb4 COLLATE utf8mb4_general_ci NOT NULL COMMENT 'д»ӨзүҢ',
    `update_time` int(10)                                                      NULL     DEFAULT NULL COMMENT 'жӣҙж–°ж—¶й—ҙ',
    `expire_time` int(10)                                                      NOT NULL COMMENT 'еҲ°жңҹж—¶й—ҙ',
    PRIMARY KEY (`id`) USING BTREE,
    UNIQUE INDEX `admin_id_client` (`user_id`, `terminal`) USING BTREE COMMENT 'дёҖдёӘз”ЁжҲ·еңЁдёҖдёӘз»Ҳз«ҜеҸӘжңүдёҖдёӘtoken',
    UNIQUE INDEX `token` (`token`) USING BTREE COMMENT 'tokenжҳҜе”ҜдёҖзҡ„'
) ENGINE = InnoDB
  AUTO_INCREMENT = 1
  CHARACTER SET = utf8mb4
  COLLATE = utf8mb4_general_ci COMMENT = 'з”ЁжҲ·дјҡиҜқиЎЁ'
  ROW_FORMAT = Dynamic;

-- ----------------------------
-- Records of la_user_session
-- ----------------------------

SET
    FOREIGN_KEY_CHECKS = 1;
